,remote_hostname
0,googleusercontent.com
4,google.com
11,gstatic.com
13,nflxso.net
14,netflix.com
17,scdn.co
18,spotify.com
19,nflxext.com
20,sentry-cdn.com
44,amazonaws.com
45,youtube.com
46,ytimg.com
50,gvt2.com
51,amazon.com
54,amazonvideo.com
57,roku.com
72,googlevideo.com
77,conviva.com
78,ggpht.com
80,googlesyndication.com
83,media-amazon.com
85,akamaihd.net
86,doubleclick.net
92,googleadservices.com
94,nflxvideo.net
113,aiv-delivery.net
115,hbogo.com
116,hbo.com
186,dns.google
187,mgo-images.com
189,mgo.com
192,rokutime.com
243,plex.direct
245,ampproject.org
246,omtrdc.net
250,plex.tv
258,gvt1.com
276,cloudfront.net
279,akamaiedge.net
455,akamaitechnologies.com
456,wp.com
457,domotz.com
472,app-measurement.com
473,supersonicads.com
478,1e100.net
479,tlnk.io
480,footprint.net
482,apigee.net
484,mtvnservices.com
486,slack-imgs.com
487,futurecdn.net
488,smarterhq.io
512,googleapis.com
530,microsoft.com
532,msedge.net
536,gmail.com
537,facebook.com
542,whatsapp.net
546,bugsnag.com
547,android.com
548,izatcloud.net
552,azureedge.net
555,crashlytics.com
558,apptimize.com
560,eum-appdynamics.com
562,onesignal.com
564,acompli.net
567,truecaller.com
574,vivintsky.com
575,wzrkt.com
576,discover.com
588,samsungiotcloud.com
595,hulu.com
599,googletagservices.com
600,samsungcloudsolution.net
603,samsungacr.com
649,elasticbeanstalk.com
650,google-analytics.com
651,amazoncrl.com
653,2mdn.net
657,app.link
658,feedburner.com
670,pluto.tv
672,pavv.co.kr
674,internetat.tv
681,samsungcloudsolution.com
705,samsungelectronics.com
709,majorleaguegaming.com
715,samsungqbe.com
720,samsungads.com
721,samsungotn.net
723,samsungrm.net
788,fbcdn.net
794,rwth-aachen.de
814,mparticle.com
815,pki.goog
818,yahoo.com
828,vidible.tv
829,kochava.com
835,thehill.com
836,adcolony.com
841,flurry.com
843,ueiwsp.com
844,aptoide.com
846,ottmon.net
849,philo.com
851,viki.io
999,duckdns.org
1001,mweb.co.za
1004,akamaized.net
1008,playstation.net
1082,intercom.io
1084,hotspotproxy.co
1085,mineproxy.club
1086,playstation.com
1097,epicgames.com
1132,unrealengine.com
1134,vivox.com
1169,narvii.com
1170,epicgames.net
1172,ravm.tv
1194,samsung.com
1195,samsungosp.com
1207,ntp.org
1210,samsungcloud.com
1214,samsungapps.com
1219,signal.org
1220,disquscdn.com
1222,weather.com
1224,linkedin.com
1227,whispersystems.org
1230,googletagmanager.com
1232,moatads.com
1233,adnxs.com
1234,optimizely.com
1236,bidswitch.net
1237,chartbeat.net
1238,sitescout.com
1239,att.com
1240,permutive.com
1241,lookout.com
1242,lkt.is
1255,telenet.be
1267,gravatar.com
1299,imrworldwide.com
1302,krxd.net
1304,evidon.com
1307,scorecardresearch.com
1308,agkn.com
1309,demdex.net
1310,innovid.com
1315,extremereach.io
1316,insightexpressai.com
1317,uplynk.com
1320,doubleverify.com
1321,spotxchange.com
1323,fqtag.com
1324,adsrvr.org
1326,cogocast.net
1330,pippio.com
1331,apxlv.com
1332,extend.tv
1336,rlcdn.com
1338,videoamp.com
1339,mdhv.io
1349,litix.io
1350,discovery.com
1377,att.net
1379,akadns.net
1387,apple.com
1433,cloudflare.net
1434,fitbit.com
1440,appdynamics.com
1441,apple-dns.net
1452,icloud.com
1460,aaplimg.com
1467,mixpanel.com
1468,mozilla.org
1469,localytics.com
1472,att-idns.net
1473,itunes.com
1474,honeywell.com
1526,game-mode.net
1527,images-amazon.com
1538,sfx.ms
1540,usinternet.com
1544,leanplum.com
1546,wikimedia.org
1569,adjust.com
1570,mozilla.net
1572,pinterest.com
1573,phncdn.com
1579,skype.com
1581,mozilla.com
1586,dropbox.com
1589,trustarc.com
1590,dropboxapi.com
1591,ssl-images-amazon.com
1592,wikipedia.org
1593,audible.com
1606,icfcdn.com
1607,mopub.com
1608,adtng.com
1609,etahub.com
1610,trafficjunky.net
1615,flipboard.com
1617,thisamericanlife.org
1618,itsup.com
1743,asuscomm.com
1744,netcabo.pt
1749,telepac.pt
1756,proxy4.win
1758,proxygo.us
1760,hotspotproxy.gq
1761,proxygo.club
1762,demandbase.com
1763,twimg.com
1764,facebook.net
1857,livetelegram.cc
1883,llnwd.net
1884,jtvnw.net
1914,ampme.com
1915,sonyentertainmentnetwork.com
1984,comcast.net
2003,rr.com
2004,sl-reverse.com
2005,myactv.net
2009,cloudapp.net
2013,setaptr.net
2014,servercontrol.com.au
2017,unmetered.com
2018,azure.com
2092,edgecastcdn.net
2093,amazon.co.uk
2094,avcdn.net
2095,ea.com
2110,ubi.com
2115,respawn.com
2120,sitestream.net
2133,musical.ly
2134,ubisoft.com
2135,ondemand.com
2136,goguardian.com
2192,withgoogle.com
2193,hshh.org
2194,insigniaproducts.com
2252,urbanairship.com
2301,amazon-dss.com
2302,a2z.com
2306,akamai.net
2313,sonos.com
2322,amazon-adsystem.com
2329,usatoday.com
2333,gannett-cdn.com
2334,wpdigital.net
2336,amazonalexa.com
2338,duapps.com
2340,ntp-fireos.com
2341,amazonsilk.com
2343,bbci.co.uk
2344,tapas.net
2345,msftncsi.com
2346,foldlife.net
2348,amazonmusic.com
2395,dropcam.com
2591,edgekey.net
2614,mzstatic.com
2664,launchdarkly.com
2671,advg.vip
2689,truste.com
2700,adrta.com
2710,tvpixel.com
2711,placed.com
2716,samba.tv
2720,stickyadstv.com
2721,mookie1.com
2725,imtwjwoasak.com
2727,qbk1.com
2728,bluecava.com
2730,movetv.com
2735,sling.com
2771,twitter.com
2786,cdninstagram.com
2831,office.com
2841,t.co
2849,reddit.com
2855,instagram.com
2857,microsoftonline.com
2858,sc-cdn.net
2861,one.one
2862,appspot.com
2863,paypal.com
2867,snapchat.com
2872,office365.com
2874,3gppnetwork.org
2875,dynatrace.com
2877,pusher.com
2878,redd.it
2883,gfycat.com
2884,tile-api.com
2888,ticktick.com
2889,statuspage.io
2890,trusteer.com
2893,ecosia.org
2953,mapbox.com
2957,braze.eu
2965,adswizz.com
2969,startappservice.com
2970,sharp-stream.com
2972,channel4.com
3067,bombproxy.pro
3074,hotspotproxy.live
3075,tt2.live
3100,starproxy.pro
3195,nflximg.net
3196,lgtvsdp.com
3201,lgappstv.com
3204,lgsmartad.com
3387,kustomerapp.com
3389,affirm.com
3391,company-target.com
3399,fandango.com
3507,google.ca
3508,google.fr
3520,goo.gl
3523,google.it
3525,google.co.uk
3526,g.co
3527,google.be
3528,google.es
3529,google.co.id
3530,google.co.in
3531,google.com.ua
3532,google.dk
3534,google.no
3535,google.at
3536,google.nl
3537,google.ch
3539,google.gr
3540,google.com.tw
3541,google.co.kr
3542,google.ro
3543,google.se
3556,sophos.com
3558,princeton.edu
3560,hotjar.com
3562,duckduckgo.com
3564,fing.io
3568,maxmind.com
3724,ampproject.net
3742,sc-static.net
3751,firebaseapp.com
3754,sony.tv
3767,ndmdhs.com
3772,amazon.co.jp
3773,mlb.com
3775,primevideo.com
3776,muscdn.com
3779,flingo.tv
3781,playmemoriesonline.com
3877,ink1001.com
3881,capitalonegslbex.com
3890,giraffic.net
3891,shoptv.com
3928,jwplatform.com
3968,amcs-tachyon.com
3969,youtube-nocookie.com
3970,nhl.com
4009,internet-census.org
4010,vido.info
4011,rapid7.com
4013,fcloud.biz
4073,linode.com
4076,plex.bz
4089,plexapp.com
4093,nvidia.com
4173,npr.org
4176,streamtheworld.com
4241,aibixby.com
4259,ring.com
4264,allrecipes.com
4269,sndcdn.com
4270,people.com
4271,overwatchleague.com
4279,nbc.co
4284,pandora.com
4287,groceryserver.com
4288,meraki.com
4289,sbixby.com
4293,whisk.com
4295,media-allrecipes.com
4297,ywxi.net
4298,tizenstore.com
4303,samsunghrm.com
4305,cspserver.net
4309,twit.tv
4345,onyxmtp.online
4358,acquia.com
4364,hotspotproxy.xyz
4365,newslive2.xyz
4366,nintendo.net
4397,virginm.net
4402,onedrive.com
4404,cloudflare.com
4406,windows.com
4412,brightcove.net
4413,brightcove.com
4414,discord.gg
4415,boltdns.net
4417,steampowered.com
4420,twitch.tv
4425,salesforce.com
4426,twitchcdn.net
4428,siteforce.com
4429,transacme.com
4531,tuyaus.com
4638,2o7.net
4639,ihrhls.com
4641,iheart.com
4680,zillowstatic.com
4712,gumgum.com
4738,tailtarget.com
4741,doordash.com
4893,aiv-cdn.net
4963,as13285.net
4982,live.com
4986,meethue.com
4996,tplinkra.com
5000,tplinkcloud.com
5008,pushbullet.com
5011,nist.gov
5014,fungames-forfree.com
5015,tunein.com
5018,feelinsonice.com
5019,adblockplus.org
5020,tuyaeu.com
5094,bamgrid.com
5096,babbel.com
5105,presage.io
5106,worldlifestyle.com
5107,irobotapi.com
5108,pbs.org
5119,mlbstatic.com
5121,datadome.co
5160,githubusercontent.com
5161,tmdb.org
5163,github.com
5216,opendns.com
5217,bit.nl
5218,amplitude.com
5219,herokuapp.com
5228,alexa.com
5232,imgur.com
5233,tetaneutral.net
5235,amazontrust.com
5237,amazon.de
5239,bit.ly
5244,archive.org
5286,segment.io
5291,kodi.tv
5292,op.gg
5293,f-droid.org
5356,lastpass.com
5367,quad9.net
5368,bootstrapcdn.com
5370,fontawesome.com
5373,jquery.com
5375,speedtest.net
5377,amazonpay.com
5382,d3js.org
5384,datatables.net
5387,myshopify.com
5388,footprintdns.com
5391,outlook.com
5404,webtest.net
5405,hotmail.com
5406,mb-cosmos.com
5407,nzbplanet.net
5408,amazonbrowserapp.com
5411,justgetflux.com
5553,slack.com
5565,dropboxcaptcha.com
5573,ably.io
5612,cdn-apple.com
5621,samsungcloud.tv
5629,ooreka.fr
5630,underdog.media
5631,staticwars.com
5748,tvsquared.com
5749,bn765.com
5788,comhem.se
5807,adobe.io
5808,msn.com
5815,live.net
5821,windowsupdate.com
5825,bing.com
5827,adobe.com
5829,amd.com
5830,discordapp.com
5836,dropbox-dns.com
5840,digicert.com
5841,netgear.com
5843,globalsign.net
5845,trafficmanager.net
5849,tnt-ea.com
5850,origin.com
5854,google.cn
5856,lenovo.com.cn
5960,nest.com
5964,telstra.com
5978,monoprice.com
6066,charter.com
6082,spectrum.net
6083,timewarnercable.com
6095,github.io
6096,fastly.net
6108,google.de
6109,yandex.net
6110,google.com.br
6111,vewd.com
6167,soundcloud.com
6172,hbomax.com
6198,cox.net
6219,vultr.com
6236,a1.net
6242,stretchoid.com
6243,arbor-observatory.com
6246,identrust.com
6247,censys-scanner.com
6248,lencr.org
6250,gmx.net
6254,seattlespectrum.com
6375,sentry.io
6377,nyu.edu
6571,blogspot.com
6590,tiqcdn.com
6597,mysamba.tv
6599,crackle.com
6733,flickr.com
6762,samsungcloudcdn.com
6777,code.org
6862,homeunix.net
6936,myharmony.com
7243,sbcglobal.net
7317,vimeo.com
7325,onlinehome-server.com
7357,vimeocdn.com
7361,nvidiagrid.net
7372,tegrazone.com
7492,windows.net
7499,steamstatic.com
7529,steam-chat.com
7532,msauth.net
7534,geforce.com
7536,onenote.net
7537,king.com
7544,sway-cdn.com
7556,akamai.com
7667,gfsvc.com
7836,ghostery.com
7851,brave.com
7855,flathub.org
7856,mobileapptracking.com
7860,ravenjs.com
7874,nordvpn.com
7906,nel.goog
7907,gvt3.com
8166,cnevids.com
8214,showtimeanytime.com
8218,showtime.com
8281,bell.ca
8331,muug.ca
8333,cbc.ca
8421,netflixdnstest10.com
8425,sonymobile.com
8464,lync.com
8475,oneplus.net
8482,appsflyer.com
8483,appboy.com
8484,qq.com
8486,xlink.cn
8553,apester.com
8562,speedcurve.com
8618,exelator.com
8622,nr-data.net
8624,bluekai.com
8632,adsafeprotected.com
8634,researchnow.com
8635,newrelic.com
8638,spot.im
8640,nielsencollections.com
8642,cdk.com
8643,hulustream.com
8652,huluim.com
8697,brightline.tv
8811,internetvideoarchive.net
8812,cookbooks.trade
8829,avast.com
8853,azurewebsites.net
8861,yimg.com
8866,mailchimp.com
8868,oath.com
8870,nexage.com
8876,cloudfunctions.net
8877,bluemailapp.com
8914,snapcraft.io
8920,ip-192-99-36.net
8921,tivoservice.com
8922,myqdevice.com
8923,mynexia.com
8924,websolspk.com
8925,zerotier.com
8926,maigreatjob.com
9099,9c9media.com
9122,redbull.tv
9208,everesttech.net
9211,adobedtm.com
9213,ads-twitter.com
9218,9c9media.ca
9222,bellmedia.ca
9227,ifcdn.com
9258,docker.com
9319,home-assistant.io
9324,3lift.com
9337,nextdoor-test.com
9834,tapad.com
9838,foxnews.com
9841,vudu.com
9844,rhocdn.net
9845,adobecqms.net
9846,vvond.net
9871,privateinternetaccess.com
9903,hdhomerun.com
10030,otenet.gr
10069,synology.com
10082,brid.tv
10085,firebaseio.com
10096,swrve.com
10097,viber.com
10102,opensignal.com
10108,acast.com
10110,jibecloud.net
10146,googlezip.net
10226,bose.com
10244,ensighten.com
10245,adknit.com
10248,nytimes.com
10249,cnn.net
10250,nyt.com
10251,pendo.io
10256,bose.io
10259,formstack.com
10260,bosecm.com
10330,media-imdb.com
10332,vizio.com
10333,tvinteractive.tv
10366,ghostery.net
10369,ubuntu.com
10409,youboranqs01.com
10410,drmtoday.com
10412,youbora.com
10413,stan.com.au
10415,vevo.com
10427,westcall.net
10428,smartthings.com
10433,web-hosting.com
10434,iotcplatform.com
10435,xbcs.net
10436,agedbuddha.com
10437,voipyourphone.com
10552,mathtag.com
10619,qwest.net
10691,virtualearth.net
10696,xboxlive.com
10697,macromedia.com
10698,windowsphone.com
10785,google.ru
10830,disqus.com
10886,go-mpulse.net
10887,joinhoney.com
10889,teamviewer.com
10895,247-inc.net
11116,fwmrm.net
11132,mtvnimages.com
11133,viacom.com
11134,cc.com
11135,nice264.com
11249,pubmatic.com
11302,rubiconproject.com
11305,bttrack.com
11306,semasio.net
11307,aspnetcdn.com
11308,cortana.ai
11309,skypeassets.com
11311,netdna-ssl.com
11381,flightaware.com
11412,cineplex.com
11436,stitcher.com
11444,hicloud.com
11445,unity3d.com
11449,helpshift.com
11450,cleanbrowsing.org
11452,megaphone.fm
11454,blubrry.com
11455,audioboom.com
11456,chtbl.com
11457,open-telekom-cloud.com
11491,branch.io
11497,seek.com.au
11509,cbs.com
11510,sony.net
11512,clashofclans.com
11514,opera.com
11515,abc.net.au
11516,swm.digital
11522,freeviewplus.net.au
11524,sbs.com.au
11525,oztam.com.au
11827,agoop.net
11833,mediatek.com
11838,gdsec.net
11840,iterable.com
11841,fing.com
11889,sharethis.com
11891,typekit.net
11893,uchicago.edu
11895,consensu.org
11896,cedia.org.ec
11897,easylist.to
11898,publicsuffix.org
11899,gitcdn.xyz
11904,yoyo.org
12085,mixer.com
12086,espncdn.com
12098,myskybell.com
12099,invisioncic.com
12240,darkreader.org
12244,cbsistatic.com
12245,cnet.com
12248,msecnd.net
12259,bravesoftware.com
12260,quickbooks.com
12261,ada.support
12264,noip.com
12266,edgesv.net
12268,splashtop.com
12385,cbsallaccess.ca
12495,247mahjong.com
12502,netflix.net
12540,mozaws.net
12544,adrise.tv
12545,lego.com
12653,adlightning.com
12663,typekit.com
12665,adobess.com
12685,icloud-content.com
12686,fbsbx.com
12687,behance.net
12689,vox-cdn.com
12691,iana.org
12692,adobelogin.com
12697,adobesc.com
12711,wyzecam.com
12733,awsglobalaccelerator.com
12764,tritondigital.com
12875,duolingo.com
12880,redditmedia.com
12884,pch.net
13030,google.pl
13239,zemanta.com
13250,segment.com
13252,outbrain.com
13266,outbrainimg.com
13268,tealiumiq.com
13271,mfadsrvr.com
13272,sonobi.com
13274,politico.com
13276,forter.com
13285,hiltonapi.com
13289,ifttt.com
13290,svcmot.com
13345,openx.net
13353,tinypass.com
13367,quora.com
13368,polyfill.io
13369,scroll.com
13372,anvato.net
13378,tremorhub.com
13390,iris.tv
13395,spots.im
13396,fncstatic.com
13397,simplereach.com
13500,directv.com
13501,xfinity.com
13518,turner.com
13522,mariokarttour.com
13544,samsung-svoice.com
13547,pinsightmedia.com
13651,yelp.com
13727,allophone.net
13757,fanart.tv
13768,phicdn.net
13769,podnapisi.net
13825,appcenter.ms
13839,mcafee.com
13848,letsencrypt.org
13850,volutionwarness.site
13932,casalemedia.com
13945,media.net
13950,telephony.goog
13951,districtm.io
13952,sharethrough.com
13967,paypalobjects.com
13979,crwdcntrl.net
13981,1rx.io
13982,33across.com
13984,clean.gg
13985,smadex.com
13989,slackb.com
14173,verizon.com
14174,cdn77.org
14176,radar.io
14177,emb-api.com
14178,instabug.com
14181,blinkreceipt.com
14182,marketingcloudapis.com
14183,vzmessages.com
14185,iotinspector.org
14186,ab1n.net
14187,signalr.net
14717,wunderground.com
14726,akstat.io
14727,sharepoint.com
14811,inmobi.com
14816,applovin.com
14821,aerserv.com
14823,safedk.com
14824,inmobicdn.net
14825,zynga.com
14830,glympse.com
14886,qnap.com
14887,cbsi.com
14896,bitmoji.com
14904,cbsnews.com
15072,pubwise.io
15073,winehq.org
15105,tivo.com
15110,me.com
15113,hkserverworks.com
15114,smartmailcloud.com
15120,backblaze.com
15125,sprintlink.net
15138,airwire.ie
15180,accuweather.com
15226,khoda.xyz
15567,hismarttv.com
15579,bbctvapps.co.uk
15581,digitaluk.co.uk
15721,hubspot.com
15722,hs-analytics.net
15728,pingdom.net
15995,alexametrics.com
16122,mxpnl.com
16125,ttvnw.net
16230,sekindo.com
16233,comodo.com
16239,intel.com
16240,onenote.com
16365,belkin.com
16629,afrihost.co.za
16632,dynu.com
16816,enphaseenergy.com
16817,mtpfast.pw
16877,mydlink.com
16914,hwclouds-dns.com
16924,xvideos.com
16926,xvideos-cdn.com
16933,trafficfactory.biz
16935,google.com.mx
16936,touchtype-fluency.com
17139,pelmorex.com
17142,ted.com
17148,radiotime.com
17149,molekule.com
17175,bhvrdbd.com
17213,giize.com
17250,amcnetworks.com
17252,capitalone.com
17283,poshmark.com
17284,hoopladigital.com
17285,gamepass.com
17286,worldtimeserver.com
17287,web-rubika-ir.gq
17375,authy.com
17376,office.net
17405,fb.com
17416,microsoftstream.com
17417,onhub.here
17480,cbsig.net
17481,syncbak.com
17482,cbsstatic.com
17483,firetvcaptiveportal.com
17511,ubnt.com
17517,virginmedia.net
17539,dazn.com
17541,trkmenowapptwtree.site
17620,adgrx.com
17627,samsungnyc.com
17877,tmodns.net
17878,myvzw.com
17879,ipip.net
17882,docker.io
17892,is-a-geek.com
17897,revenuecat.com
17898,visualstudio.com
17899,automatic.com
17903,darksky.net
17906,coder.com
17910,august.com
17912,nabu.casa
17914,nabucasa.com
17917,ecouser.net
17919,fortinet.net
18076,stripe.com
18080,jsdelivr.net
18098,parastorage.com
18108,crittercism.com
18112,wixstatic.com
18116,getsitecontrol.com
18120,wixapps.net
18132,wix.com
18741,wtop.com
18742,ngtv.io
18744,claspws.tv
18747,complex.com
18748,ifunny.co
18780,suddenlink.net
18810,wordpress.com
18811,w.org
18814,opmnstr.com
18818,raspberrypi.org
18823,netdna-cdn.com
18830,intercomcdn.com
18831,vnc.com
18836,realvnc.com
18839,utexas.edu
18841,getpocket.com
18842,wordpress.org
18846,grammarly.com
18851,grammarly.io
18853,grammarlyaws.com
18854,dnsomatic.com
18855,adafruit.com
18995,criminalip.com
18997,censys.io
19001,onyphe.io
19079,raygun.io
19082,hbogo.eu
19199,sc-jpl.com
19201,yr.no
19202,wunderlist.com
19240,fdn.fr
19288,proxad.net
19419,free.fr
19558,deezer.com
19559,freebox.fr
19560,fbx-mgt.fr
19662,stackexchange.com
19689,wistia.com
19690,oracle.com
19691,ccg-lenovo.com
19692,getgreenshot.org
19997,faktor.io
19998,royalpurplebathkitchen.com
20389,edgesuite.net
20393,cddbp.net
20670,dailymotion.com
20685,dmcdn.net
20835,level3.net
20842,hockeyapp.net
20892,micpn.com
20894,taobao.com
20895,aliyuncs.com
20899,samsungsmartcam.com
21091,duosecurity.com
21092,e2ma.net
21378,xboxab.com
21381,cdngslb.com
21382,msftconnecttest.com
21384,umeng.com
21385,sectigo.com
21386,biliapi.com
21387,bilibili.com
21426,wideopenwest.com
21515,asus.com
21844,itv.com
21921,lyft.com
21931,llnw.net
21932,llnwi.net
22003,nextdoor.com
22043,espn.com
22048,shoofle.tv
22049,auditude.com
22095,starz.com
22096,aboutamazon.com
22097,winkapp.com
22098,drugfree.org
22143,7tv.de
22183,symantec.com
22190,norton.com
22193,cloudflare-dns.com
22194,symantecliveupdate.com
22418,keepa.com
22441,rbxcdn.com
22451,roblox.com
22479,bing.net
22544,glpals.com
22545,tripadvisor.com
22588,coucou-networks.fr
22656,bbc.co.uk
22709,googlehosted.com
22710,althub.co.za
22712,aylanetworks.com
22714,fastnzb.com
22717,lbdns-streamguys.com
23003,hinet.net
23014,7-eleven.com
23124,nflximg.com
23127,oui-0x00199d.com
23252,wd2go.com
23262,arloxcld.com
23322,ntp.se
23324,ancestry.com
23386,braze.com
23396,adsmoloco.com
23462,svt.se
23463,svtstatic.se
23501,oculus.com
23514,macrium.com
23574,ed.ac.uk
23902,synology.me
23904,kimsufi.com
23915,quickconnect.to
23920,hosteurope.de
23923,ltsapis.goog
23924,akacdn.co
23925,neatocloud.com
23926,synocommunity.com
23989,dtvce.com
23998,rollout.io
24037,vodafonedsl.it
24059,jetbrains.com
24073,pndsn.com
24074,steamcommunity.com
24076,anydesk.com
24082,ddns.net
24084,contabo.net
24085,your-server.de
24086,rima-tde.net
24088,contaboserver.net
24089,northghost.com
24090,no-reverse-dns-configured.com
24092,netsystemsresearch.com
24094,intrinsec.com
24101,adscore.com
24102,server-hosting.expert
24103,cloudwaysapps.com
24106,cloudedic.net
24114,vsys.host
24115,shadowserver.org
24116,shodan.io
24125,xwinnet.biz
24126,quadmetrics.com
24127,caacbook.com
24129,ovo.sc
24130,ucsd.edu
24131,threatsinkhole.com
24132,mmms.eu
24211,acsechocaptiveportal.com
24212,musicradio.com
24329,statcounter.com
24330,quicinc.com
24479,canalplus.pro
24481,tpv-analytics.com
24547,cornell.edu
24548,qualtrics.com
24553,typography.com
24555,patch.com
24556,hypemarks.com
24664,gnome.org
24666,fwupd.org
24713,rcn.net
24769,fidnet.com
24910,grafana.com
25237,utoronto.ca
25270,plumenet.io
25271,tapjoy.com
25274,deltadna.net
25276,playrix.com
25278,dev.to
25436,amazon.ca
25450,cnn.io
25451,cbsinteractive.com
25452,samsunghealth.com
25453,w-x.co
25454,bleacherreport.net
25455,imdbws.com
25460,loginradius.com
25463,outturner.com
25464,viafoura.co
25467,lrcontent.com
25468,lenovomm.com
25546,zillow.com
25673,stratoserver.net
25674,ip-pool.com
25679,24olympia.com
25913,criteo.com
25930,omnitagjs.com
25944,theguardian.com
25970,criteo.net
25971,eyeota.net
25972,betrad.com
25974,360yield.com
25980,guim.co.uk
25981,gu-web.net
25982,brandmetrics.com
25985,the-ozone-project.com
26209,stackassets.com
26339,mobimagic.com
26356,bellaliant.net
26358,quadranet.com
26360,online.no
26361,colocrossing.com
26362,dnainternet.fi
26381,dsl4u.ca
26392,sefiber.dk
26396,ifxnetworks.com
26399,utg.ge
26402,coolideas.co.za
26407,utcluj.ro
26532,s-microsoft.com
26538,meetcircle-blue.co
26543,forzamotorsport.net
26628,google.fi
26629,yle.fi
26701,myvisualiq.net
26848,samknows.com
26864,ebay.com
26867,ebaystatic.com
26877,ebayimg.com
26878,bbc.com
26880,measurement-lab.org
26962,cnn.com
26964,imdb.com
26971,quantserve.com
26972,chartbeat.com
27317,telmtp.xyz
27464,umu.se
27491,trakt.tv
27612,licdn.com
27618,ecobee.com
27623,kqed.org
27749,jwplayer.com
27750,nintendo.com
27754,yospace.com
27776,driftt.com
27777,ninjajournalist.com
27789,wsj.com
27792,noaa.gov
27946,crunchyroll.com
28178,theplatform.com
28222,nbc.com
28249,taplytics.com
28290,jdownloader.org
28313,deployads.com
28320,bazaarvoice.com
28324,art19.com
28342,contextweb.com
28351,hlserve.com
28352,dc-storm.com
28353,simplecast.com
28422,bouyguesbox.fr
28435,weborama.fr
28436,meetrics.net
28626,intuit.com
28698,tesla.services
28700,tmz.com
28701,mint.com
28702,mwbsys.com
28809,aka.ms
28810,avastbrowser.com
28813,myexternalip.com
28814,v0cdn.net
29022,getgo.com
29055,cedexis.com
29060,cedexis-radar.net
29170,perimeterx.net
29248,usebutton.com
29276,webex.com
29282,outlookmobile.com
29283,vodafone.com
29350,go.com
29369,disneyplus.com
29370,dssott.com
29371,disney-plus.net
29426,tre.se
29478,ispot.tv
29487,alphonso.tv
29593,p-cdn.us
29800,adap.tv
29801,tidaltv.com
29817,time.com
29858,podtrac.com
30025,uservoice.com
30225,ticketmaster.com
30264,on.net
30313,google.com.au
30477,216.in-addr.arpa
30478,quantcount.com
30485,waze.com
30487,list-manage.com
30489,amazonaws.com.cn
30500,redditstatic.com
30511,cuebiq.com
30578,telus.net
30611,thunderbird.net
30635,nsatc.net
30637,responsys.net
30638,adtidy.org
30714,technolutions.net
31192,telenet-ops.be
31218,pillpack.com
31219,myfitnesspal.com
31249,smaato.net
31254,not--thi-s-one.builders
31258,poneytelecom.eu
31259,verizon.net
31266,airdns.org
31267,ocn.ne.jp
31268,eu.org
31269,163data.com.cn
31271,comcastbusiness.net
31272,fibertel.com.ar
31273,kyivstar.net
31274,bbtec.net
31276,jlccptt.net.cn
31278,bbox.fr
31280,ni-co.moe
31281,avcn.us
31284,e2enetworks.net.in
31286,openbittorrent.com
31287,desync.com
31358,meetcarrot.com
31359,bizrate.com
31360,b1js.com
31692,spurtup.com
31699,choopa.net
31739,demonware.net
31772,mrporoxy.com
31773,mtproto.online
31774,colocat.ru
31853,survata.com
31861,abcotvs.net
31962,pocketcasts.com
32116,firefox.com
32271,tablotv.com
32333,kampyle.com
32334,walmart.com
32336,applvn.com
32337,turnto.com
32352,yahoodns.net
32357,aol.com
32360,scene7.com
32362,vzwwo.com
32364,walmartimages.com
32365,shoprunner.com
32486,mi.com
32488,xiaomi.com
32490,miui.com
32538,easports.com
32593,ilimnet.ru
32603,windy.com
32608,recaptcha.net
32686,zencdn.net
32689,contentstack.io
32729,bigpond.net.au
32869,p-cdn.com
33074,247sports.com
33082,letgo.com
33088,acmeaom.com
33102,tpgi.com.au
33104,aussiebb.net
33106,telstra.net
33116,vocus.net.au
33117,met.no
33121,immedia-semi.com
33136,bom.gov.au
33161,omnycontent.com
33162,omny.fm
33239,apple.news
33251,skyegloup.com
33258,denon.jp
33356,thetvdb.com
33407,telekom.at
33411,algartelecom.com.br
33412,epm.net.co
33415,etraining.co
33555,weather.gc.ca
33593,4seeresults.com
33594,siteimproveanalytics.io
33595,foresee.com
33599,scruffapp.com
33607,digitalgov.gov
33608,weather.gov
33610,atlassian.net
33611,siteimproveanalytics.com
33728,zwyr157wwiu6eior.com
33732,zdf.de
33733,ioam.de
33812,rdsnet.ro
33821,simpli.fi
33868,adition.com
33892,lgeapi.com
33899,channel5.com
34114,optusnet.com.au
34270,driverupdate.net
34514,blueconic.net
34527,realvu.net
34530,sleeknote.com
34534,cludo.com
34535,radiantmediatechs.com
34536,eset.com
34718,githubassets.com
34740,4vendeta.com
34864,cohesionapps.com
35008,kargo.com
35034,sesupdate.com
35227,economist.com
35230,sumologic.com
35235,vzw.com
35241,datadoghq.com
35247,shazam.com
35251,stackpathdns.com
35498,ua.com
35509,affec.tv
35515,test-app.link
35518,edgedatg.com
35521,freshchat.com
35522,classdojo.com
35609,hiyaapi.com
35622,samsungpositioning.com
35623,marfeel.com
35624,herokuspace.com
35625,sublink.org
35700,protonmail.ch
36065,theatlantic.com
36073,cloud-home.me
36079,nict.jp
36080,airable.io
36366,deviantart.net
36379,crazyegg.com
36380,wink.com
36382,simplisafe.com
36385,talkable.com
36387,mopinion.com
36614,entrust.net
36643,mediaset.it
36645,wuaki.tv
36646,chili.com
36648,mediaset.net
36675,baidu.com
36706,ultradns.com
36795,evernote.com
36800,crashplan.com
36803,cloudsink.net
36878,hp.com
36999,dlvr1.net
37140,photobucket.com
37156,eamobile.com
37281,mlinks.cc
37282,proxyplanet.xyz
37283,philips.com
37286,clashroyaleapp.com
37455,e-planning.net
37460,a-mo.net
37501,aws-prd.net
37502,lgtvcommon.com
37654,audiomack.com
37658,fox.com
37659,foxdcg.com
37676,stack-sonar.com
37677,bidr.io
37730,voicefive.com
37741,videohub.tv
37751,nodesource.com
37752,getpublica.com
37757,foxbusiness.com
37823,tannerryan.ca
37894,infomaniak.ch
38068,abcnews.com
38071,totsuko.tv
38217,samsungdm.com
38226,t-mobile.com
38241,life360.com
38246,tmocce.com
38280,keywee.co
38282,texthelp.com
38283,thewirecutter.com
38301,onlineman.top
38360,bigcommerce.com
38363,pinimg.com
38368,nianticlabs.com
38405,onelouder.com
38416,jwpcdn.com
38445,wfxtriggers.com
38537,comporium.net
38617,flashtalking.com
38624,extremereach.com
38628,ford.com
38629,whitehouse.gov
38630,gm.com
38758,centrastage.net
38825,samplicio.us
38826,bethesda.net
38827,serving-sys.com
38947,pscdn.co
39420,ghool.xyz
39427,admedo.com
39439,adx1.com
39442,rhdemo.io
39644,mi-img.com
39803,tedcdn.com
40279,msgamestudios.com
40633,stubhub.com
40794,defensia.co.il
40795,nelreports.net
40929,atwola.com
40971,thetacdn.net
40999,operacdn.com
41172,safebrowsing.apple
41250,tmsimg.com
41252,lge.com
41264,xumo.com
41359,dishanywhere.com
41373,echostarbeta.com
41377,digitalsmiths.net
41378,dishnetwork.com
41379,dishaccess.tv
41380,echostarprod.com
41400,digiteka.net
41404,sleepnumber.com
41407,dictionary.com
41408,zoom.us
41601,fetchsport.com
41663,drivepedia.com
41772,ovrc.com
41914,voo.be
42002,amplifyapp.com
42003,reloadedtech.com
42134,onkyo.com
42267,service-now.com
42269,ibm.com
42274,awsdns-22.org
42275,awsdns-19.co.uk
42439,googlefiber.net
42440,frontiernet.net
42441,bhn.net
42442,spectrum.com
42466,remotewd.com
42467,windstream.net
42468,centurylink.net
42469,knology.net
42470,bellmts.net
42471,cgocable.net
42472,tds.net
42474,grandenetworks.net
42476,bresnan.net
42477,sparklight.net
42489,consolidated.net
42490,vyvebroadband.net
42496,spacemonkey.com
42663,incapdns.net
42668,force.com
42690,zeotap.com
42692,salesforceliveagent.com
42694,yandex.ru
42695,abine.com
42791,springserve.com
42876,fanduel.com
42877,pubnub.com
42879,thedesignpeople.net
42885,airtel.net
42920,anycast.net
42926,logitech.com
42927,symcb.com
42928,epsiloncdn.net
42929,testmynids.org
42930,ionos.com
43031,bitnodes.io
43041,malwarebytes.com
43044,glasswire.com
43047,mb-internal.com
43052,nos-avg.cz
43054,avira.com
43196,upc.ie
43367,fireoscaptiveportal.com
43485,slack-edge.com
43503,robinhood.com
43512,dpreview.com
43514,whatsapp.com
43516,sophosxl.net
43518,sophosupd.com
43521,inboxsdk.com
43568,eff.org
43588,mega.co.nz
43597,arstechnica.com
43599,packagecloud.io
43605,rkdms.com
43608,skimresources.com
43610,parsely.com
43617,servebom.com
43618,narrativ.com
43619,cachefly.net
43622,admission.net
43623,hubitat.com
43624,keybaseapi.com
43941,celtra.com
43946,nknlabs.io
43947,name-servers.ch
43948,man---dns-main.city
44001,wanadoo.fr
44016,binaryedge.ninja
44021,exposuremonitoring.in
44023,my3cx.fr
44032,netatmo.net
44036,openweathermap.org
44039,ampereinnotech.com
44152,alipay.com
44153,alibabadns.com
44158,alicdn.com
44166,creativecdn.com
44168,smartadserver.com
44171,alibaba.com
44174,gemius.pl
44175,useinsider.com
44313,entouch.net
44348,mysqueezebox.com
44349,udemy.com
44357,amazonpmi.com
44358,canonical.com
44453,sjtu.edu.cn
44562,myqnapcloud.com
44570,wbroadband.net.au
44601,edis.at
44602,vidazoo.com
44604,smile.io
44605,adguard.com
44615,inspectlet.com
44619,disconnect.me
44625,hosts-file.net
44629,waqi.info
44630,pollen.com
44716,mtdd.tk
44719,nwsvr2.com
44804,amazon.it
44806,wetransfer.net
44811,adhigh.net
44814,ebayrtm.com
44817,systemcdn.net
44961,streamguys1.com
45095,rlje.net
45111,ccleaner.com
45113,kanopy.com
45183,tubi.io
45251,hsforms.net
45252,stackoverflow.com
45253,hsforms.com
45258,exacttarget.com
45259,returnpath.net
45260,embedly.com
45262,aaxads.com
45263,radarr.video
45318,paloaltonetworks.com
45336,utwente.nl
45364,ntl.com
45427,attribution.report
45432,pixsrvcs.com
45528,taboola.com
45535,guardianapis.com
45659,moatpixel.com
45662,washingtonpost.com
45670,tagsrvcs.com
45671,browsiprod.com
45672,webmd.com
45677,mashable.com
45678,arc.pub
45778,zopim.com
45781,zendesk.com
45809,1password.com
45817,mktoresp.com
45820,marketwatch.com
45827,flexibits.com
45829,1password.ca
45830,hover.com
45831,backblazeb2.com
45832,networking.apple
45862,page.link
45903,waipu.tv
45905,bitmovin.com
45906,wpstr.tv
46164,split.io
46406,sfr.net
46424,dal.ca
46450,dotsrc.org
46451,wearetriple.com
46452,nluug.nl
46453,subscene.com
46567,byteoversea.com
46574,gotinder.com
46660,kxcdn.com
46671,hpeprint.com
46973,dognzb.cr
46974,here.com
47039,breezein.net
47072,bahnhof.se
47138,dbankcdn.com
47313,adikteev.com
47656,cam.ac.uk
47837,google.co.nz
48019,spiderspace.co.uk
48095,chickenkiller.com
48118,pushwoosh.com
48119,netatmo.com
48120,bingapis.com
48480,clearleap.com
48481,hbonordic.com
48576,dell.com
48584,wsglb0.com
48585,zhihu.com
48590,qpic.cn
48591,qlogo.cn
48592,shifen.com
48593,jomodns.com
48596,cdntip.com
48692,blizzard.com
48699,logitech.io
48700,battle.net
48707,logi.com
48741,wustl.edu
48744,stanford.edu
48745,uwaterloo.ca
48746,rit.edu
48751,globalsign.com
48753,metu.edu.tr
48754,uni-bonn.de
48755,usertrust.com
48758,comodoca.com
48759,dfn.de
48760,mathjax.org
48819,appcloudbox.net
49029,twilio.com
49147,feralhosting.com
49175,telegram.org
49179,hvvc.us
49182,ui.com
49200,1337x.to
49201,resilio.com
49207,digitaloceanspaces.com
49208,themoviedb.org
49211,npmjs.org
49212,aeonlucid.com
49214,cinemaz.to
49323,wsj.net
49807,plesk.page
49840,giraffic.com
50120,yandex.com
50155,aliexpress.com
50167,ssacdn.com
50175,mail.ru
50205,adsniper.ru
50213,tbcache.com
50215,vk.com
50216,yastatic.net
50228,i3d.net
50308,m1-msedge.net
50329,weatherbug.net
50439,good.com
50676,numericable.net
50739,imgix.net
50887,bitdefender.net
50975,pigeonhole.at
51021,lynda.com
51026,bitcoinstats.com
51029,dashdot.io
51030,bluematt.me
51035,dashjr.org
51036,emzy.de
51201,nba.com
51202,paradoxplaza.com
51329,drift.com
51347,wbx2.com
51349,ciscospark.com
51351,dashlane.com
51357,appcues.net
51519,treasuredata.com
51521,mobilityware.com
51611,sr.se
51768,a-msedge.net
52046,alphavantage.co
52237,samsungyosemite.com
52322,octoprint.org
52325,opentlc.com
52359,gliptv.com
52417,embed.ly
52452,pcloud.com
52533,azulsystems.com
52540,myfritz.net
52546,meross.com
52554,tado.com
52607,mycloud.com
52621,spreaker.com
52782,slb.com
52786,get.no
52890,williamhill.com
52897,oo-syringe.com
52898,shopbop.com
53068,discordapp.net
53082,snapads.com
53085,sc-prod.net
53265,jwpsrv.com
54125,telenor.rs
54137,thawte.com
54141,kaltura.com
54300,streamguys.com
54725,as9105.net
54729,adnexus.net
54862,kabelnet.net
54865,coolkit.cc
54947,marantz.info
54949,univ-lyon1.fr
55004,southwestairlines.com
55057,livebarn.com
55096,weekendpartycancel5.com
55097,1-voip.com
55503,telecomitalia.it
55982,usgovcloudapp.net
56114,carrier.com
56115,ooma.com
56370,fibreop.ca
56446,blisspointmedia.com
56534,sonic.net
56548,root-servers.net
56562,gtld-servers.net
56575,xirvik.com
56576,afilias-nst.org
56584,mtu.edu
56587,msft.net
56589,afilias-nst.info
56623,rogers.com
56632,distributel.net
56651,stephenparker.co.uk
56666,dyndns.org
56743,hostgator.ro
56768,https-rulesets.org
57008,sony.com
57043,above.net
57045,ucar.edu
57046,navy.mil
57047,comloginc.net
57049,symmetricom.com
57112,jio.com
57129,weathercn.com
57205,espn.net
57208,howstuffworks.com
57209,radio-canada.ca
57269,ss2.us
57271,uiowa.edu
57280,siriusxm.com
57376,theconversation.com
57397,apptentive.com
57407,prxu.org
57410,seamless.com
57411,wnyc.org
57639,sky.com
57654,nowtv.com
57778,wikibuy.com
57806,swedish-academy.org
58022,hrzn-nxt.com
58029,s-msn.com
58044,trustwave.com
58096,netweaver.uk
58098,ntp.br
58201,libsyn.com
59032,rings.solutions
59097,redbend.com
59110,mios.com
59236,amazon.fr
59251,firefoxusercontent.com
59252,amazon.es
59253,malwaredomains.com
59441,bannersnack.com
59443,sony-asia.com
59519,wtnet.de
59520,tng.de
59527,vsm.sh
59652,ooklaserver.net
59657,stocard-backend.com
59659,stocard.de
59660,doodle.com
59661,cardiogr.am
59662,88-f.net
59663,evehome.com
59664,web.de
59734,amazon.eu
59842,chime.aws
59880,nai.com
59881,travelfuntu.com
60312,cookielaw.org
60316,ugdturner.com
60321,flightcdn.com
60332,nordcdn.com
60333,creativecommons.org
60335,ltlxvxjjmvhn.me
60518,epgsky.com
60693,advertising.com
60708,w55c.net
60711,turn.com
60715,linksynergy.com
60772,fossmint.com
60786,sync.com
60791,eloqua.com
60829,line-scdn.net
60830,naver.jp
60918,lithium.com
60924,rackcdn.com
60952,wayfair.com
60956,bluecore.com
60964,res-x.com
60965,gimbal.com
60968,tripit.com
61015,myfoscam.org
61073,blueirissoftware.com
61140,freshdesk.com
61153,fuse.net
61154,spcsdns.net
61271,lutron.com
61273,xively.com
61415,megirl.com
61423,trutri.org
61424,ft.lk
61425,ada.lk
61426,ringtonematcher.com
61427,alienvault.com
61552,midco.net
61627,adthrive.com
61670,userreport.com
61672,steepto.com
61674,jivosite.com
61680,tipsy.coffee
61697,ip-158-69-27.net
61771,xiaomi.net
61859,youversionapi.com
61860,mipcm.com
61965,amazon.in
62055,eastlink.ca
62143,thescore.com
62144,aws-thinq-prd.net
62172,wowrack.com
62173,he.net
62191,tradingview.com
62222,ip-192-99-4.net
62293,smartclip.net
62301,hotjar.io
62327,arte.tv
62329,herokuappdev.com
62330,redbutton.de
62338,theadex.com
62339,ard.de
62345,kpn.com
62373,signify.com
62374,philips-hue.com
62530,splkmobile.com
62532,xwemo.com
62535,naver.com
62635,tiktokv.com
62661,kornet.net
62714,druva.com
62715,517-70.xyz
62716,wiz.world
62732,ip-158-69-252.net
62733,ip-147-135-36.us
62836,webrootanywhere.com
62838,mitm.it
62839,fos5echocaptiveportal.com
62976,arlo.com
62977,brilliant.tech
63111,sail-horizon.com
63121,ladsp.com
63122,rmtag.com
63156,selectablemedia.com
63216,hdwitness.com
63508,addthis.com
63534,parrable.com
63536,marketo.net
63537,apple-cloudkit.com
63539,decibelinsight.net
63574,atlassian.com
63576,qualys.com
63613,atl-paas.net
63704,heapanalytics.com
63705,walkme.com
63710,box.com
63713,box.net
64130,geoedge.be
64143,arcgis.com
64144,piriform.com
64145,supersonic.com
64146,washpost.io
64160,tvadsync.com
64293,gulfcanvas.com
64294,webcontentassessor.com
64296,cinematerial.com
64382,rpxnow.com
64514,samqaicongen.com
64751,ukrtel.net
64752,entelpcs.cl
64778,isappcloud.com
64779,snappea.com
64795,zen.net.uk
64858,2cnt.net
64905,gameanalytics.com
64921,emxdgt.com
64951,vertamedia.com
64958,vindicosuite.com
64960,streamrail.net
64964,trackscale.net
65129,dynamicnetworkservices.net
65130,dynect.net
65134,spiceworks.com
65151,domaincontrol.com
65152,awsdns-57.com
65153,awsdns-19.com
65154,awsdns-04.org
65155,awsdns-07.net
65156,awsdns-37.com
65157,awsdns-29.org
65158,awsdns-13.net
65189,cast4.audio
65379,pusherapp.com
65463,smhi.se
65465,getdrip.com
65466,phoscon.de
65481,videotron.ca
65532,tp-link.com
65537,mob.com
65562,fongo.com
65598,onetrust.com
65599,godaddy.com
65647,jpush.cn
65648,fbpigeon.com
65649,aliyun.com
65672,viafoura.net
65674,tapjoyads.com
65755,nordstrom.com
65758,exct.net
65843,youview.tv
65853,todoist.com
65867,at-o.net
65872,cqloud.com
65956,rollbar.com
65966,smartcasttv.com
66329,nasa.gov
66608,usersnap.com
66609,worldtravelling.com
66610,awsstatic.com
66733,atdmt.com
66745,ninthdecimal.com
66958,1and1.com
66969,getmysa.com
67254,nortoncdn.com
67365,ipinfo.io
67367,corio.com
67752,merriam-webster.com
67785,lenovo.com
67887,ip-37-187-113.eu
67898,audioscrobbler.com
67938,tu-berlin.de
68007,thethings.network
68170,onelink.me
68299,hanbang.org.cn
68314,chinamobile.com
68322,adsl-pool.sx.cn
68325,chinaunicom.com
68326,ctm.net
68332,ctinets.com
68336,ddnsfree.com
68337,f3322.org
68338,ablenetvps.ne.jp
68360,mmstat.com
68367,sogou.com
68430,as43234.net
68471,cmds-tachyon.com
68556,usabilla.com
68567,truste-svc.net
68630,lametric.com
68939,cquotient.com
68942,rakuten.com
68951,oath.cloud
68952,media6degrees.com
68963,inside-graph.com
69073,bitwarden.com
69088,sweettooth.io
69089,auvik.com
69154,leaseweb.com
69177,wo-cloud.com
69262,youborafds01.com
69307,ntp.org.cn
69340,tableau.com
69443,telefonica.net
69480,abtasty.com
69481,videoplaza.tv
69520,media-lab.ai
69523,emisiondof6.com
69527,telefonica.com
69533,dof6.com
69591,lifx.com
69592,lifx.co
69594,114dns.com
69595,snssdk.com
69596,pstatp.com
69597,cloudlinks.cn
69603,alidns.com
69726,jivox.com
70086,worxlandroid.com
70245,m.me
70246,messenger.com
70248,youtu.be
70249,fb.gg
70294,withings.net
70340,answerscloud.com
70550,dropboxusercontent.com
70626,luminati.io
70627,luminatinet.com
70695,bfmio.com
70700,hola.org
70703,lum-superproxy.io
70704,axs.com
70886,123freecell.com
71130,ignorelist.com
71341,clmbtech.com
71416,adgear.com
71836,webrootcloudav.com
71840,powerbi.com
72034,sssnet.com
72097,beam.pro
72248,audioeye.com
72307,highwebmedia.com
72807,pub-tmaws.io
72848,safebee.com
72901,basis.net
72949,salecycle.com
73070,dzcdn.net
73094,2i3.net
73132,dellsupportcenter.com
73242,amcrestcloud.com
73247,amcrestview.com
73251,amcrestsecurity.com
73604,usbla.net
73630,arin.net
73633,in-addr-servers.arpa
73661,idrive.com
73664,ibackup.com
73904,leanstream-hq.com
73946,ip-api.com
73948,edgecastdns.net
74187,readdle.com
74419,obihai.com
74420,obitalk.com
74430,136.in-addr.arpa
74431,mycingular.net
74442,ericashome.com
74459,premiumize.me
74461,krypt.com
74474,nzbgeek.info
74478,vesync.com
74480,ngxcld.com
74521,myhomescreen.tv
74557,getyourguide.com
74802,doub.ly
74891,optonline.net
75185,readcube.com
75193,nrk.no
75196,accedo.tv
75198,tns-cs.net
75632,zoominternet.net
75702,appboy-images.com
75703,ign.com
75704,twitchsvc.net
75705,maas.global
75737,influxdata.com
75748,sensibo.com
75749,untappd.com
75918,dedicatedpanel.com
76085,swypeconnect.com
76284,yetwp.com
76438,smartnews.com
76741,moviesanywhere.com
76753,quickconnect.cn
77152,tenjin.io
77472,com.ru
77473,kpn.net
77503,nstorage.org
77504,caiway.nl
77509,tequilaboomboom.club
77511,edolphin.site
77512,icn.ua
77514,mts-chita.ru
77516,telmtproto.club
77517,wellhosted.ch
77518,aspadmin.net
77519,steadfastdns.net
77551,research.com
77552,group-ib.com
77553,warezwaldo.org
77555,ip-54-36-110.eu
77674,lazerpenguin.com
77692,ftp.sh
77701,torrentapi.org
77703,eztv.io
77712,eztv.ag
77716,limetorrents.info
77718,zooqle.com
77721,thepiratebay.org
77724,hypixel.net
77728,syncthing.net
77732,avistaz.to
77746,athom.com
77801,ip-192-99-14.net
77803,clipperoint.com
77820,t-ipconnect.de
77876,privacy-center.org
77885,verisign.com
77888,gotomeeting.com
77891,expertcity.com
77892,symcd.com
77896,foxitsoftware.com
77977,corusappservices.com
77979,globaltv.com
78028,ddns3-instar.de
78044,xnet.ro
78076,rovicorp.com
78227,airbnb.com
78229,privacymanager.io
78230,umbrella.com
78418,assoc-amazon.com
78422,forgesvc.net
78474,craigslist.org
78476,linksys.com
78616,klaviyo.com
78628,byteoversea.net
78759,trendmicro.com
78842,ryanair.com
78845,pi-charter.net
78848,irdeto.com
79025,dropboxstatic.com
79120,cdnjquery.com
79122,bamlabs.com
79126,aptible.in
79364,lankadeepa.lk
79371,opera.software
79550,dmxleo.com
79727,bmo.com
79844,livesegmentservice.com
79868,actcorp.in
79872,telesp.net.br
79875,wi-power.com
79878,megalinkcorp.com.br
79882,itans.com.br
79886,etapanet.net
79887,imsbiz.com
79888,maisnet.srv.br
79889,nastech.bg
79895,dg-w.de
80068,cecollect.com
80084,datapacket.com
80120,epsonconnect.com
80175,playfabapi.com
80177,inq.com
80188,schoolwires.com
80190,userzoom.com
80192,ups.com
80195,myzmodo.com
80269,imgbox.com
80320,bilsyndication.com
80326,udmserve.net
80350,histats.com
80506,adform.net
80514,dca0.com
80515,lqm.io
80604,ttnet.com.tr
80606,spd-mgts.ru
80607,serverprofi24.com
80621,xkcd.com
80968,perfectmarket.com
80972,opecloud.com
80986,pppoe.ca
81054,amazon.com.mx
81056,usgs.gov
81057,amazon.com.br
81140,mopidy.com
81194,squarespace.com
81197,me.me
81277,herokudns.com
81381,akadns6.net
81383,elliemae.io
81386,alarm.com
81387,devicetask.com
81667,mega.nz
81674,openload.co
81677,titlovi.com
81859,xiti.com
81867,cellular.de
81921,shawcable.net
81973,alphacdn.net
81974,hik-connect.com
81975,ezvizlife.com
82104,zdbb.net
82110,dc-1.net
82111,inner-active.mobi
82112,swiftkey.com
82114,adnxs.net
82439,fastlylb.net
82489,spiegel.de
82498,cdn77.com
82689,discord.media
82693,discord.com
82762,reson8.com
82893,leadpages.io
82894,lpages.co
82895,vilynx.com
82896,makeuseof.com
82967,xbox.com
83150,hwcdn.net
83175,eeroup.com
83176,e2ro.com
83467,bwbx.io
83472,raiplay.it
83546,roksit.net
83580,edigitalsurvey.com
83637,nibeuplink.com
83700,chirpbooks.com
83702,control4.com
83707,m2.ai
83709,gettyimages.com
83925,arstechnica.net
84032,iesnare.com
84058,videoplayerhub.com
84177,netnod.se
84180,polycom.com
84181,flashdance.cx
84237,fibianet.dk
84242,dscloud.biz
84243,logmeininc.com
84270,wia.cz
84276,directwebhost.org
84277,cphub.net
84280,cloud-xip.io
84381,scarabresearch.com
84404,pandasecurity.com
84409,gcdn.co
84418,goto-rtc.com
84425,ptd.net
84565,getpostman.com
84568,eye4.cn
84878,blokada.org
84881,fyu.se
85065,abcd.network
85081,netflixdnstest3.com
85305,servenobid.com
85306,afterpay.com
85674,auth0.com
85737,snopes.com
85791,adtpulse.com
85830,fast.com
85832,17track.net
85861,aerisapi.com
85872,artlogic.com
85929,truoptik.com
86032,ml314.com
86039,macpaw.com
86117,shortpixel.ai
86357,tencent.com
86366,popin.cc
86375,bdimg.com
86762,dynamicyield.com
86768,queue-it.net
86787,psychz.net
86792,ip-192-99-7.net
86900,apusapps.com
86949,invokedapps.com
87475,chaturbate.com
87478,exoticads.com
87775,wish.com
87875,adzerk.net
87876,papertrailapp.com
87906,marketingautomation.services
87978,trustpilot.com
87980,samsungknowledge.com
88018,healthgrades.com
88074,overkiz.com
88135,nanoleaf.me
88195,odaconline.com
88270,quantcast.com
88352,nanorep.co
88353,vrv.co
88757,oraclecloud.net
88788,qualaroo.com
88795,coinbase.com
88796,leboncoin.fr
88798,schibsted.io
88799,avis-verifies.com
88800,orange.com
88858,algolia.net
88874,hs-scripts.com
88875,wikihow.com
88879,hsappstatic.net
88880,usemessages.com
88882,bfmtv.com
89030,nettvservices.com
89031,zeasn.tv
89153,tagcommander.com
89155,newegg.com
89157,kaspersky-labs.com
89161,kaspersky.com
89619,rach.io
89698,nightowldvr.com
89735,tawk.to
89754,lemde.fr
89949,pocket-image-cache.com
89958,cluep.com
89959,spotad.co
89960,vrvm.com
89961,rncdn7.com
89962,devshift.org
90053,frontiernetworks.ca
90060,web4net.org
90061,sskru.ac.th
90164,kas-labs.com
90306,groupme.com
90345,panasonic.com
90408,hgtv.com
90571,pypi.org
90759,dlvr.it
90770,autofi.com
90795,zenkube.com
90796,wtxcdn.com
90839,zentrick.com
90862,quantummetric.com
90863,adspsp.com
90867,l-msedge.net
90946,surfshark.com
91289,alltrails.com
91328,elta.com.tw
91377,appbaqend.com
91671,vodafone-ip.de
91698,xtracloud.net
91699,buchholz-digital.de
91712,rupertok.su
91738,siftscience.com
91742,ziffdavis.com
92033,bahnhof.net
92042,vmware.com
92100,edstem.org
92131,gpsonextra.net
92713,contentabc.com
92720,juicer.io
92941,p2e.io
92944,usshc.com
92945,sunpowermonitor.com
93108,cardgamesolitaire.com
93163,cedexis-test.com
93171,elizabethwarren.com
93310,pagekite.net
93311,b5p.us
93313,mydrobo.com
93346,secu100.net
93348,xmeye.net
93417,ckt.net
93624,mynet.it
93771,chartboost.com
93785,sc-gw.com
93795,airtelbroadband.in
93985,foxneodigital.com
94116,vivaldi.com
94128,soletechnology.com
94148,puregig.net
94249,protect-your-privacy.net
94252,bonzapuzzles.com
94341,ljusnet.se
94370,ogury.io
94659,bugherd.com
94661,ivaws.com
94665,basicattentiontoken.org
94836,voip.ms
95051,isnssdk.com
95112,daily-choices.com
95146,ustc.edu.cn
95158,amap.com
95159,alikunlun.com
95190,error.arpa
95455,fsapi.com
95457,f-secure.com
95507,vonage.com
95689,xdsl.is
95744,xplornet.com
95857,beachfrontmedia.com
95858,associates-amazon.com
95867,schoology.com
96041,uber.com
96267,latchaccess.com
96315,raumfeld.com
96460,unrulymedia.com
96461,teads.tv
96503,telia.com
96542,dnsnode.net
96545,myiphost.com
96546,afraid.org
96616,aviationweather.gov
96757,fastwebnet.it
96758,vodafone.pt
96762,comunitel.net
96763,tpnet.pl
96766,anteldata.net.uy
96776,etb.net.co
96784,dedyn.io
96789,myrepublic.co.id
96791,jon.cz
96792,gemnet.cz
97001,go2cloud.org
97003,ypncdn.com
97322,amazon.cn
97325,airbnb.it
97327,airbnb.com.tw
97328,yelp.pt
97329,yelp.co.jp
97330,yelp.com.tr
97331,airbnb.cz
97334,yelp.de
97335,yelp.co.nz
97399,amazonses.com
97474,autodesk.com
97724,appsee.com
97725,accountkit.com
97746,mtg-api.com
97783,spark.io
97785,particle.io
98194,connman.net
98324,cloudflarebolt.com
98325,ycombinator.com
98419,strava.com
98672,contobox.com
98675,distiltag.com
98679,wordplays.com
98689,sailthru.com
98690,venmo.com
98693,unbounce.com
98694,ipstatp.com
98695,consumerreports.org
98697,airpr.com
98897,svc.ms
98985,adobeprimetime.com
99016,torproject.org
99216,superhuman.com
99218,ip-192-99-15.net
99334,quantumdex.io
99348,axiscam.net
99361,fandom.com
99362,wikia.com
99512,molotov.tv
99844,telemach.net
99875,inbake.com
99876,arcpublishing.com
99880,ctfassets.net
100029,usa-streams.com
100084,shopify.com
100188,postrelease.com
100192,houzz.com
100194,bgr.com
100378,expressapisv2.net
100481,your.org
100630,start.ca
100750,hearstapps.com
100858,gigya.com
100893,tele2.se
100898,mql5.com
100905,ntv.io
100906,hybrid.ai
100910,wootric.com
100911,mixmarket.biz
101004,delta.com
101007,vonagenetworks.net
101009,dgosvc.com
101057,myshopapps.com
101498,logentries.com
101581,xiaoyi.com
101719,proofpoint.com
101847,desire2learn.com
101854,online-metrix.net
101856,ezoic.net
102028,dishtech.us
102182,pearson.com
102201,eemanager.net
102205,rcncustomer.com
102222,ip-51-91-212.eu
102224,wdc.com
102482,jumpdesktop.com
102525,ubianet.com
102555,homeassurednow.com
102556,ip-192-99-160.net
102591,teslamotors.com
102594,slacker.com
102597,slkimg.com
102912,spotxcdn.com
102915,dvtps.com
103010,b17g.net
103045,foursquare.com
103046,mgid.com
103052,businessinsider.com
103227,canal-plus.com
103235,canalplus-cdn.net
103260,hispeed.ch
103264,ono.com
103267,jazztel.es
103272,bezeqint.net
103276,lynet.no
103277,adslplus.ch
103291,grafana.org
103311,evwi.net
103441,jwpltx.com
103583,c-wss.com
103584,c-ij.com
103639,conductrics.com
103640,vtr.net
103688,medium.com
103704,squeezenetwork.com
103705,squeezecommunity.org
104111,uci.edu
104194,switchnap.com
104211,unpkg.com
104392,gotdns.ch
104400,ripe.net
104409,backplanedns.org
104816,muscache.com
104864,debian.org
104875,persgroep.cloud
104886,polarcdn-pentos.com
104888,lijit.com
104890,justpremium.com
104894,cxense.com
104899,smartocto.com
104900,adhese.com
104902,outbrain.org
104904,pushengage.com
105105,adsymptotic.com
105108,retailmenot.com
105229,ifood.tv
105313,lgthinq.com
105407,hom.ee
105489,adsco.re
105493,ak-is2.net
105495,amung.us
105522,geotrust.com
105589,simpliftsbefore.info
105684,garmin.com
105793,worldstream.nl
106020,emby.media
106214,planeta.tc
106223,xmsecu.com
106224,igexin.com
106461,lovestv.es
106740,jamfcloud.com
106742,trello.com
107117,vungle.com
107123,homedepot.com
107124,homedepot-static.com
107181,sunrise-sunset.org
107263,etsy.com
107591,bnc.lt
107604,dwin1.com
107632,kissmetrics.com
107643,paessler.com
107646,hubspot.net
107685,amazon.sa
107699,siol.net
107789,singular.net
107993,cartocdn.com
108186,dvrlists.com
108498,yamaha.com
108711,telus.com
108712,axia.com
108739,grouponcdn.com
108938,iinet.net.au
108944,mynetname.net
108980,liquidtelecom.net
109168,s-onetag.com
109179,tynt.com
109181,liadm.com
109182,onaudience.com
109189,dtscdn.com
109458,riskified.com
109468,signifyd.com
109526,itech.ru
109546,mobisystems.com
109709,zdnet.com
109710,lifehacker.com
109711,engadget.com
109712,feedly.com
109713,slashdot.org
109715,gog.com
109856,fedex.com
109866,bbc.net.uk
109867,boardingarea.com
110066,cnode.io
110076,escdn.co
110097,titnked.net
110286,usenet-crawler.com
110357,google.co.za
110456,b-cdn.net
110462,streamable.com
110469,unimelb.edu.au
110608,nctu.edu.tw
110819,wxug.com
110826,huffpost.com
111262,no-ip.com
111392,pressablecdn.com
111556,campus-rv.net
111837,shopifycloud.com
111875,uptimerobot.com
112098,launtel.net.au
112111,commbank.com.au
112298,citymapper.com
112300,splitwise.com
112360,mchsi.com
112393,wargaming.net
112428,kbronet.com.tw
112433,home.ne.jp
112434,telenor.se
112435,la.net.ua
112437,digikabel.hu
112439,telekom.hu
112441,amplia.co.tt
112446,privacy.network
112485,cloudmobi.net
113044,libreelec.tv
113093,envisacor.com
113294,brivity.com
113305,hubapi.com
113307,hsadspixel.net
113308,hsleadflows.net
113376,netvigator.com
113530,real-debrid.com
113572,google.pt
113573,gismeteo.ru
113682,ladmedia.fr
113684,wonderpush.com
113727,fonts.net
113731,discourse-cdn.com
113867,ambientweather.net
114054,thetake.com
114101,shopifycdn.com
114107,stamped.io
114552,inet.fi
114587,myicomfort.com
114984,omegacdn.net
115212,psicdn.net
115232,epson.net
115303,express.co.uk
115386,b2c.com
115403,torrenti.al
115498,nuki.io
115539,bldrdoc.gov
115553,nuri.net
115898,cmcore.com
116001,akahost.net
116386,whatbox.ca
116921,rapidssl.com
116963,kalay.net.cn
117054,protonvpn.com
117078,startpage.com
117304,apsalar.com
117603,latt.net
117851,apple-studies.com
117891,shelly.cloud
118033,brightspace.com
118336,cambrium.nl
118461,t-online.de
118543,azure-devices.net
118583,warthunder.com
118885,macrumors.com
119124,ct.co.cr
119419,laposte.net
119780,effectivemeasure.net
119804,myfox.io
119847,cv.net
119891,dowjoneson.com
119895,9to5mac.com
120111,volia.net
120273,snap.net.nz
120533,mytotalconnectcomfort.com
120786,astar.mobi
120802,webredirect.org
120816,caesar.bet
120898,verisure.com
120942,podbean.com
120943,ip-94-23-201.eu
121014,onthe.io
121273,teksavvy.com
121280,exetel.com.au
121283,ziggo.nl
121284,planet.nl
121287,telfort.nl
121289,alshamil.net.ae
121291,kuzbass.net
121295,mycomspan.com
121823,squirt.org
121831,gitlab.io
121906,dartsearch.net
121907,tinder.com
122012,myfairpoint.net
122105,telldus.com
122393,service.gov.uk
122505,tenor.com
122597,fetchtv.com.au
122757,cedexis.net
122764,libbyapp.com
122825,sol.az
123235,ebillsoft.net
123253,leaseweb.net
123254,kashra-server.com
123397,virginmedia.com
123899,v2cdn.net
123924,orange.fr
123936,samsungcloudprint.com
123954,familyds.com
123968,ispyconnect.com
124257,huawei.com
124370,pvoutput.org
125119,supercell.net
125120,clashroyale.com
125256,coolkit.cn
125487,southwest.com
125912,cisco.com
125914,olark.com
126286,btguard.com
126695,dyndns-ip.com
126770,pushnami.com
126864,teliacarrier.com
126865,idevicesinc.com
127039,dmdsdp.com
127047,avm.de
127454,unsplash.com
127477,bgchprod.info
127555,insteon.com
127779,rainforestautomation.com
127928,sonarr.tv
128192,cablesurf.de
128215,magichue.net
128535,bang-olufsen.com
128540,reliablehosting.com
128541,strongconnectivity.com
128687,wirelesscar.net
129026,ubc.ca
129614,plus.net
129714,riksnet.se
129722,vtuner.com
129816,cpx.to
129884,isc.org
129982,shalltry.com
130001,livejasmin.com
130004,xnxx-cdn.com
130011,xnxx.com
130012,exosrv.com
130014,exoclick.com
130037,kunlunca.com
130236,mozgcp.net
130239,pinterest.co.uk
130372,connatix.com
130376,tubemogul.com
130382,dianomi.com
130388,moengage.com
130548,wuwuquj.com
130634,n1272adserv.xyz
130650,cintnetworks.com
130651,visualwebsiteoptimizer.com
130658,rdtcdn.com
130676,overcast.fm
130726,wavecable.com
130815,nrc.ca
130839,contentful.com
130923,nynex.de
130927,adj.st
130930,liftoff.io
130934,immobilienscout24.de
131035,ntt.net
131127,gravityrd-services.com
131141,upm.es
131195,worldation.com
131204,nike.com
131255,6sc.co
131256,bloomberg.com
131320,us.to
131475,cloudflareclient.com
131897,zaonce.net
132282,mitene.us
132291,intentiq.com
132301,abc7news.com
132302,amazon.dev
132303,spotifycdn.com
132304,newsy.com
132305,aws.dev
132365,ubembed.com
132419,privacy-mgmt.com
132453,infojobs.com
132890,divx.com
132966,vonage.net
133365,sharethru.com
133367,acexedge.com
133370,kazfv.com
133380,ecorebates.com
133384,science-a2z.com
134199,jampp.com
134482,dailymirror.lk
134749,unity-media.net
134780,awsapps.com
134782,joyn.de
134969,netvision.net.il
134970,162.in-addr.arpa
134975,149.in-addr.arpa
135328,steamcontent.com
135449,acrobat.com
135746,ad-delivery.net
135805,emogi.com
137062,si.com
137453,adtechus.com
137626,meetu.ps
138205,echostarcdn.com
138424,sailinglabapps.com
138664,nielsendigital.net
138665,pointmediatracker.com
138826,lifesizecloud.com
138962,dotomi.com
139059,ieee.org
139060,tinyco.com
139061,tryinvision.com
139134,whio.com
139197,activemetering.com
139294,cardgamespidersolitaire.com
139338,nbcuni.com
139342,xcal.tv
139351,peacocktv.com
139355,auspost.com.au
139628,celtra-test.com
139631,airtv.net
139714,ardmediathek.de
139719,lci.fr
139865,minecraft.net
139869,zdassets.com
139964,cubecraft.net
139966,hivebedrock.network
139967,lbsg.net
139968,inpvp.net
139971,mineplex.com
140227,klarnaservices.com
140404,jamloop.com
140606,uktvapi.co.uk
140891,atomtickets.com
141119,virtru.com
141137,wt-eu02.net
141251,cloudns.asia
141497,meredithcorp.io
141895,cnbc.com
141896,cnbcfm.com
142155,oceandraw.com
142296,sctv.ch
142548,cloudnow.gg
142556,mb3admin.com
142642,1234pro.xyz
142699,kataweb.it
142914,trustedform.com
143047,t-2.net
143197,tiktok.com
143212,berkeley.edu
143235,cyberghostvpn.com
143313,wistia.net
143511,bluemix.net
143559,dslavangard.ru
143561,secureserver.net
143563,jst586.com
143564,xueshine.com
143565,rzhengdeli.cn
143566,97ygo.com
143567,sywm04.top
143612,admob.com
143783,linkplay.com
144367,playfirst.com
144373,arsmarttv.com
144885,alarmnet.com
145261,christmas-solitaire.com
145415,interoute.net
146333,noris.net
146824,sigmacdn.net
146825,seagate.com
146896,cardgamefreecell.com
147820,61-tataidc.co.in
147821,ip-51-38-51.eu
147822,niqturbo.net.br
148271,reddirtproxies.io
148334,ethz.ch
148419,fastproxy.live
148646,hetzner.de
148971,pinterest.ca
148973,shaw.ca
149076,kabel-deutschland.de
149196,sonos.radio
149447,mucdn.net
149451,spotim.market
149453,streamrail.com
149454,rtb-seller.com
149461,zorosrv.com
149465,shopifysvc.com
149467,yotpo.com
149468,popularmechanics.com
149469,unoadsrv.com
149470,yellowblue.io
149516,cable.net.co
149520,megared.net.mx
149523,exede.net
149524,telnor.net
149528,sandcats.io
149530,machlink.com
149531,planeta.dn.ua
149609,tcheturbo.net.br
149660,darpanet.org
149686,monkeybrains.net
150062,sasknet.sk.ca
150091,xipline.com
150097,vivintwireless.net
150098,poka.com
150099,cbvnol.com
150100,conwaycorp.net
150101,comsouth.net
150102,plateautel.net
150103,bigbend.net
150104,iwantwireless.ca
150106,yucca.net
150215,nbcnews.com
150229,aetnd.com
150266,hopto.org
150281,btcentralplus.com
150287,virtua.com.br
150294,viettel.vn
150299,cstorm.is
150303,surfer.at
150305,sparkbb.co.nz
150309,myddns.rocks
150310,net1.bg
150311,dnlab.ru
150312,sailinternet.net
150503,atlanticbb.net
150507,embarqhsd.net
150549,cgocable.ca
150551,ftc-i.net
150561,intrstar.net
150562,logantele.com
150564,duo-county.com
150639,rockstargames.com
150645,premieronline.net
150740,tdc.net
150743,zhong-ren.net
150744,group-ib.ru
150753,threembb.co.uk
150754,dodo.net.au
150759,softether.net
150765,ligtel.com
150767,antik.sk
150777,torlock.com
150783,ipapi.co
150786,magic-heaven.info
150790,notifiarr.com
150792,opensubtitles.org
150793,jeded.com
150794,servarr.com
150797,hosted-by-rootlayer.net
150799,torrentgalaxy.to
150800,silhcdn.com
150801,yts.mx
150802,wgplayer.xyz
150877,okta.com
150879,librivox.org
150975,chello.pl
150978,bcube.co.uk
150983,darnet.pl
150984,veloxzone.com.br
150988,singnet.com.sg
150990,arkada-x.com
150991,coditel.net
150992,hawaiiantel.net
150996,townisp.com
150997,goip.de
150999,networx-bg.com
151001,vertesnet.hu
151053,openaq.org
151056,weatherbug.com
151113,apl-alexa.com
151114,mmechocaptiveportal.com
151177,asianet.co.th
151178,speedy.com.ar
151183,au-net.ne.jp
151186,vodafone.de
151188,pacificonet.cl
151192,nwsvr1.com
151266,myseedbox.site
151290,elisa-mobile.fi
151299,inetia.pl
151308,as9105.com
151309,mm.pl
151311,prod-infinitum.com.mx
151312,gvt.net.br
151315,fido.ca
151316,euskaltel.es
151318,freenet.com.ua
151319,elisa-laajakaista.fi
151320,espeed.com.bn
151321,orange.pl
151323,vf.net.nz
151324,uk.net
151325,skyware.pl
151326,vsenet.de
151327,harvard.edu
151328,myaisfibre.com
151329,windx.com.br
151342,randomads.us
151346,radioburgerfuel.com
151358,totalplay.net
151362,rt.ru
151363,dion.ne.jp
151369,ertelecom.ru
151373,ziggozakelijk.nl
151376,kosnet.ru
151379,vsi.ru
151380,numericable.fr
151381,seedbox.io
151382,linkpc.net
151384,broadband.hu
151387,byfly.by
151391,telkomadsl.co.za
151393,telecom.by
151396,bt-chat.com
151397,ip-91-121-171.eu
151398,uzpak.uz
151400,dne.kz
151401,mm3019.com
151402,epochtimes.com
151403,peelvalley.com.au
151517,stdtime.gov.tw
151674,loseyourip.com
151675,googlebot.com
151683,trafikverket.se
151703,vianaaws.jp
151795,t-com.ne.jp
151797,enabler.ne.jp
151799,cableonline.com.mx
151803,cablevision.net.mx
151808,mindspring.com
151809,totinternet.net
151810,skymesh.net.au
151813,foxtel.net.au
151904,sensicomfort.com
151961,lacrossetechnology.com
151966,canaryis.com
152006,dyndns.biz
152008,gwi.net
152091,chicdn.net
152234,evrythng.com
152322,aqara.com
152352,meari.com.cn
152587,btopenworld.com
152589,ipvanish.com
152592,vnpt.vn
152597,tellas.gr
152599,under.net.ua
152600,aruba.it
152605,transip.net
152609,wp-servers.com
152610,multi.net.pk
152611,had.su
152954,wiredns.net
152961,redstation.co.uk
152970,kostunivo.com
152974,constant.com
153281,rumafia.com
153419,gameservers.com
153431,softhost.com.br
153452,uninet-ide.com.mx
153468,showrss.info
153512,justinstalledpanel.com
153519,openportstats.com
153520,channelnet.ie
153522,hosted-by-vdsina.ru
153523,songspoint.info
153524,chaikovskie.ru
153525,uk-solution.kz
153653,midphase.com
153785,west-datacenter.net
153900,datahound.com
153948,2ksports.com
153953,sunbloommarketing.com
154043,northamericancoax.com
154045,wanidarum.com
154046,contabo.host
154056,rr-severses.no
154057,eonet.ne.jp
154060,starhub.net.sg
154063,inter.net.il
154068,da.net.tw
154069,play-internet.pl
154070,ucom.ne.jp
154071,casasio.co.uk
154072,snarc.au
154073,travano.at
154076,comunodius.com
154077,algarnetsuper.com.br
154081,genmediasys.com
154082,3bb.in.th
154083,tm.net.my
154087,myrepublic.com.sg
154089,maxcom.net.mx
154090,israelinternet.co.il
154158,osmc.tv
154256,ip-198-245-61.net
154259,mivocloud.com
154264,barracuda.com
154371,mns.ru
154372,node1.com.au
154373,secureconnect.me
154374,dlink.com.tw
154376,dlink.com
154383,transactcdn.com
154397,iproxy.cloud
154442,prcdn.net
154447,seedhost.eu
154453,sipgate.net
154820,dtvbb.tv
154855,chargepoint.com
154923,readynas.com
155150,m247.com
155153,online.nl
155154,safelink.net
155155,bestelclientes.com.mx
155156,westlink.net.br
155230,fetnet.net
155231,avangarddsl.ru
155233,unitymedia.biz
155235,xs4all.nl
155238,pldt.net
155239,sipa.be
155241,provedorlive.com.br
155242,mine.nu
155243,upcloud.host
155245,litecoinpool.org
155246,kit.edu
155250,hqserv.co.il
155252,lionlink.net
155339,bysh.me
155388,n4t.co
155390,bittorrent.com
155393,mogilev.by
155394,utorrent.com
155397,waimaoxiazai.com
155398,quantum.ru
155399,nzbfinder.ws
155497,pscp.tv
155601,zen.co.uk
155624,loggly.com
155625,sense.com
155647,internettl.org
155949,issuu.com
155987,nixplay.com
156279,awsdns-29.com
156280,awsdns-04.co.uk
156281,awsdns-54.org
156286,fibrestream.ca
156436,dynu.net
156565,kik.com
156625,wgrusers.com
156682,vpopfan.tk
156852,plutex.de
157186,lstn.net
157617,arcanite.ch
157619,redventures.io
157733,brightspotcdn.com
157891,symbiant.io
158145,wfu.edu
158154,jobcase.com
158400,mainframe2.com
158579,myfoscam.com
158642,p85.live
158840,tinkercad.com
158841,anker-in.com
158842,eufylife.com
159477,evergreen.space
159514,pushover.net
159909,cprapid.com
160273,channeladvisor.com
160549,rainmachine.com
160738,fedoraproject.org
161134,phuket.com
161925,multidoge.org
161968,abuse.ch
161972,nouvelobs.com
162556,ibroadlink.com
162557,broadlink.com.cn
162571,lswf.net
162668,tplinknbu.com
162904,adroll.com
162912,gandi.net
162937,telegraph.co.uk
162985,wemo2.com
163008,admarvel.com
163293,tfgco.com
163533,nanit.com
163940,hotbl.xyz
163964,zype.com
163981,naleapprength.xyz
164240,vbspbx.com
164476,ozarksgo.net
164572,easy4ipcloud.com
164618,alienvault.cloud
164793,baobei.co.uk
164907,orbwebsys.com
164908,hubble.in
164964,tum.de
165595,glesys.net
165936,airbnb.cn
165937,airbnb.pl
165938,air.tl
166187,yieldmo.com
166191,stanza.co
166828,yottaa.net
167171,samsungrs.com
167755,adtdp.com
167917,ultradns.net
168330,airtiescloud.com
168526,pythonhosted.org
168527,gitlab.com
168538,piwheels.org
168810,dsmynas.org
169321,swisscom.ch
169946,paulmharwood.info
169998,wiktel.com
170108,virtual1.co.uk
170110,mtproto.world
170113,inversepath.com
170114,ip-37-187-0.eu
170115,mdl.net
170462,arduino.cc
170953,microvolts.com
171029,ifit.com
171035,tumblr.com
171116,exprsdns.net
171169,mcusercontent.com
171710,elnics.com
171897,trendmd.com
171901,px-cloud.net
172045,izeni.net
172706,solaredge.com
172763,locuslabs.com
172854,fmtcs.com
173089,msocsp.com
173096,tula.net
173097,slt.lk
173125,getinternet.no
173177,swio.jp
173637,beanfield.net
174098,openstreetmap.org
174528,via.net
174557,amcrestddns.com
174558,nochost.ru
174588,reolink.com
174837,mywire.org
174972,instantink.com
175034,kddi.ne.jp
175071,cablelynx.com
175321,pinterest.de
175405,ispworkshop.com
175666,dyson.com
175765,trackedweb.net
175817,naz.com
175843,unifi-ai.com
176051,launchpad.net
176452,wpengine.com
176585,birdytone.com.cn
176609,bttn.io
176646,mfeed.ad.jp
176935,wci.com
177141,moovitapp.com
177276,maintainbrain.us
177307,glassboxdigital.io
177647,telpol.net.pl
177649,raketa-net.ru
177678,telephoneangel.com
177835,apolloprogram.io
178006,vigothaiclub.info
178007,filenext.com
178017,6play.fr
178195,mtprotoline.top
178218,epson.biz
179012,uu.net
179157,etacdn.net
179266,ptb.de
179280,netbynet.ru
179282,pulsedmedia.com
179283,bashtel.ru
179284,megaegg.ne.jp
179286,spedition-michel.de
179715,turbooo.xyz
180061,powerlinks.com
180160,linodeusercontent.com
180337,electricimp.com
180735,satnet.net
180746,snowdawn.info
180786,usbx.me
180787,prioritytelecom.net
180796,ip-91-134-139.eu
180797,ip-91-121-155.eu
180823,foxtel.com.au
180886,nfoservers.com
180916,oktv.se
180946,sprintel.cz
181037,percept.ai
181042,bash.pw
181128,dnsup.net
181129,minasnet.net
181138,lasvegas.net
181216,cdn-net.com
181230,zare.com
181231,ukservers.com
181233,hostdime.com
181238,gorillaservers.com
181326,cachenode.cn
181327,freeboxos.fr
181331,apol.com.tw
181332,vivozap.com.br
181398,fox.com.br
181400,com.de
181409,socialmediawins.com
181413,eolo.it
181417,tecnoadsl.it
181419,cheapnet.it
181421,connesi.it
181422,netoip.com
181423,arcolink.it
181427,fastnet.it
181431,superonline.net
181453,hkcable.com.hk
181462,estointernet.in
181477,infuturo.it
181517,213.in-addr.arpa
181548,driftcdn.com
181570,gibdev.ru
181574,expressnetw.com
181598,net-htp.de
181607,promax.media.pl
181609,planeta-net-fibra.com.br
181634,movistar.cl
181640,siqueiralink.com.br
181641,netwaytelecom.com.br
181648,scaleway.com
181693,1drv.com
181787,dbsinet.com
181987,bt.com
182014,umd.edu
182030,mirrorservice.org
182031,comnet.uz
182041,fau.de
182047,flightplandatabase.com
182074,awsdns-06.com
182075,awsdns-10.net
182155,gtdinternet.com
182156,connect.net.au
182159,kort.co
182161,speakeasy.net
182162,root-servers.org
182366,entale.co
182644,impdesk.com
182646,yieldlab.net
182648,ligadx.com
182652,ligatus.com
182776,trib.al
182777,onservo.com
182781,vidora.com
182875,htlbid.com
182876,doctissimo.fr
182878,bintray.com
182976,eedomus.com
183013,gigaset.net
183056,estpak.ee
183072,starman.ee
183093,libtorrent.org
183095,unitymediagroup.de
183255,ovh.net
183285,versanet.de
183440,kali.ru
183668,googledomains.com
183681,dedibox.fr
183794,ntlworld.ie
183798,a3fiber.se
183872,webtrendslive.com
183878,c212.net
184015,sellpoint.net
184043,telepacific.net
184064,tiscali.it
184070,masmovil.com
184088,quickddns.com
184309,mojang.com
184451,mail.com
184816,soho.net.ua
184859,northwestel.net
184975,thexem.de
185024,zoneminder.com
185095,galacticmouse.press
185099,slickvpn.com
185832,xboxservices.com
186043,giphy.com
186045,adtech.de
186463,microsoftonline-p.com
186466,msocdn.com
186469,msftauth.net
186622,zscaler.com
187167,playon.tv
187235,valve.net
187261,ovpn.com
187352,clouddevice.io
187652,provide.net
187803,ixsystems.com
187819,webcollage.net
187820,buienradar.nl
187835,musixmatch.com
187893,swipeforwardgames.com
188004,syringanetworks.net
188085,unlv.edu
188319,fr24.com
188333,armbian.com
188428,thinkstockphotos.com
188429,domoticz.com
188984,myopenhab.org
189033,thingspeak.com
189109,homeseer.com
189245,flightradar24.com
189415,webmin.com
189580,rayjump.com
189724,myq-cloud.com
189776,nextcloud.com
189860,ip-37-187-109.eu
189861,inria.fr
189913,linksyssmartwifi.com
190247,fibaro.com
190332,infonet.ee
190350,ovh.ca
190382,mystrom.ch
190443,petcube.com
190719,pacloudflare.com
190741,brightcloud.com
190913,dns-cloud.net
190955,colorado.edu
190966,shatel.ir
190967,simobil.net
191189,f3322.net
191485,mynuheat.com
191534,sytes.net
191561,ipify.org
191654,ddnss.de
192501,sensemecloud.com
193266,servehttp.com
193341,simharif.com
193345,atom-data.io
193346,akasripcn.net
194051,marriott.com
194056,fbwat.ch
194057,amazon.com.au
194066,verizonwireless.com
194068,vzwshop.com
194086,savagebeast.com
194183,telia.net
194318,thebrighttag.com
194460,disa.mil
194485,igodigital.com
194617,192.in-addr.arpa
194811,hiper.dk
194994,adobeprojectm.com
195433,nayatel.pk
195434,axntechnologies.in
195594,awsdns-03.co.uk
195922,voncp.com
195954,neohub.co.uk
195993,telecom.kz
196197,weathercloud.net
196576,dynamic-m.com
196747,80.in-addr.arpa
196993,btncdn.com
197798,uh.edu
197803,alaska.edu
197804,bain.com
197805,okstate.edu
197968,vmwservices.com
198243,telenor.com
198595,adobejanus.com
198800,gartner.com
198804,signal.is
198814,cnt-grms.ec
198815,telecom.sk
198816,falcon1.net
198851,orbitbhyve.com
198870,project25499.com
198916,posttv.com
198945,inaf.it
199195,comfortel.pro
199237,fvds.ru
199244,se-ssl-cloud.com
199256,ccma.cat
199308,diyadvice.com
199576,athena.io
199697,fu-berlin.de
199837,access.ly
199881,orange-business.com
200036,chefsteps.com
200056,abissnet.al
200225,zedfilter.xyz
200285,rundsp.com
200417,vylmedia.com
200653,vieraconnect.tv
200672,g4c5j.com
200899,cloud-ips.com
200900,rediris.es
200971,gen4.ninja
201054,appsmb.com
201317,ibmcloud.com
201368,snaptube.in
201715,withings.com
202195,bloomsky.com
202449,anovaculinary.com
203152,iot-dns.com
203246,mineproxy.ga
203403,tendplatform.com
203929,geappliances.com
203991,seluxit.com
203997,your-loop.com
204004,zodiac.com
204012,foobot.io
204023,vzwfemto.com
204039,bosch.de
