remote_hostname,company,company_website,result
googleusercontent.com,Google,https://www.google.com/,CDN
google.com,Google,https://www.google.com/,"{'purpose': {'marketing': True, 'advertising': True, 'analytics': True, 'CDN': True, 'static server': True, 'DNS': True, 'first-party host': True}}"
gstatic.com,,,
nflxso.net,Netflix,https://www.netflix.com/,CDN
netflix.com,Streaming media provider,https://www.netflix.com/,CDN
scdn.co,StackPath,https://www.stackpath.com/,CDN
spotify.com,Spotify,https://www.spotify.com/,marketing
nflxext.com,Netflix,https://www.netflix.com/,CDN
sentry-cdn.com,Sentry,https://sentry.io/,CDN
amazonaws.com,Amazon Web Services,https://aws.amazon.com/,CDN
youtube.com,Google LLC,https://www.google.com/,marketing
ytimg.com,Google,https://www.google.com/,CDN
gvt2.com,Analytics,https://gvt2.com/,"This URL is likely used for analytics purposes, as gvt2.com provides tools and services for website and mobile app analytics."
amazon.com,CDN,https://aws.amazon.com/cloudfront/,"The provided URL serves as a content delivery network (CDN) for Amazon. It is used to distribute static content, such as images, videos, and other files to users around the world, quickly and efficiently."
amazonvideo.com,Amazon,https://www.amazon.com,CDN
roku.com,Roku,https://www.roku.com/,CDN
googlevideo.com,CDN,https://www.google.com/about/locations/?region=north-america&office=bellevue,The provided URL is for a Content Delivery Network (CDN) owned by Google. It is used for delivering video content to users around the world.
conviva.com,Conviva,https://www.conviva.com/,analytics
ggpht.com,Google,https://www.google.com/,CDN
googlesyndication.com,Google,https://www.google.com/,advertising
media-amazon.com,Amazon,https://www.amazon.com/,CDN
akamaihd.net,Akamai Technologies,https://www.akamai.com/,CDN
doubleclick.net,DoubleClick,https://www.doubleclickbygoogle.com/,advertising
googleadservices.com,Google,https://www.google.com/,advertising
nflxvideo.net,Netflix,https://www.netflix.com/,CDN
aiv-delivery.net,Akamai Technologies,https://www.akamai.com/,CDN
hbogo.com,HBO,https://www.hbo.com/,streaming service
hbo.com,HBO,https://www.hbo.com/,first-party host
dns.google,Google,https://www.google.com/,DNS
mgo-images.com,CDN,https://en.wikipedia.org/wiki/Content_delivery_network,"The provided URL is a Content Delivery Network (CDN) used to distribute static content (such as images) to users from the server closest to their location, in order to reduce latency and increase speed of delivery."
mgo.com,MGO,https://www.mgo.com/,static server
rokutime.com,Roku,https://www.roku.com/,marketing
plex.direct,Plex,https://www.plex.tv/,CDN
ampproject.org,The AMP Project,https://www.ampproject.org/,CDN
omtrdc.net,Adobe,https://www.adobe.com/,analytics
plex.tv,Plex,https://www.plex.tv/,static server
gvt1.com,CDN,https://gvt1.com/,"The provided URL is a content delivery network (CDN) used to accelerate and improve the delivery of web content, such as images, videos, and scripts, to end users around the world."
cloudfront.net,Amazon,https://aws.amazon.com/,CDN
akamaiedge.net,Akamai Technologies,https://www.akamai.com/,CDN
akamaitechnologies.com,Akamai Technologies,https://www.akamai.com/,CDN
wp.com,Automattic,https://automattic.com/,{'purpose': 'first-party host'}
domotz.com,Domotz,https://www.domotz.com/,network management and monitoring platform for IoT devices and networks.
app-measurement.com,Google,https://www.google.com/,analytics
supersonicads.com,Supersonic,https://www.supersonic.com/,advertising
1e100.net,Google,https://www.google.com/,CDN
tlnk.io,tlkn.io,https://tlkn.io/,marketing
footprint.net,CDN,https://www.footprint.net/,"The provided URL belongs to a Content Distribution Network (CDN) company which provides services like caching, load balancing, and content optimization to improve website performance and speed."
apigee.net,Apigee,https://apigee.com/,CDN
mtvnservices.com,MTV Networks,http://www.mtvnetworks.com/,CDN
slack-imgs.com,CDN,https://slack-imgs.com/,The provided URL is a content delivery network (CDN) used for storing and delivering static images for the messaging platform Slack.
futurecdn.net,Future Plc,https://www.futureplc.com/,CDN
smarterhq.io,SmarterHQ,https://smarterhq.io/,marketing
googleapis.com,Google,https://www.google.com,CDN
microsoft.com,Microsoft,https://www.microsoft.com/,"{'purpose': {'CDN': True, 'static_server': True}}"
msedge.net,Microsoft Corporation,https://www.microsoft.com/,CDN
gmail.com,Google LLC,https://www.google.com/,first-party host
facebook.com,Facebook,https://www.facebook.com/,marketing
whatsapp.net,Facebook,https://www.facebook.com/,CDN
bugsnag.com,Bugsnag,https://www.bugsnag.com/,analytics
android.com,Google,https://www.google.com,first-party host
izatcloud.net,izatcloud.net,https://izatcloud.net/,DNS
azureedge.net,Microsoft,https://www.microsoft.com/,CDN
crashlytics.com,Crashlytics,https://try.crashlytics.com/,analytics
apptimize.com,,,
eum-appdynamics.com,AppDynamics,https://www.appdynamics.com/,Marketing
onesignal.com,OneSignal,https://onesignal.com,marketing
acompli.net,Marketing Company,https://acompli.net/,marketing
truecaller.com,Truecaller,https://www.truecaller.com/,marketing
vivintsky.com,Vivint,https://www.vivint.com/,marketing
wzrkt.com,WizRocket,https://www.clever-tap.com/wizrocket/,marketing
discover.com,Discover Financial Services,https://www.discover.com/,marketing
samsungiotcloud.com,Samsung IoT Cloud,https://www.samsungiotcloud.com/,CDN
hulu.com,"Hulu, LLC",https://www.hulu.com/,streaming service
googletagservices.com,Google,https://www.google.com/,advertising
samsungcloudsolution.net,Samsung Cloud Solution,https://www.samsung.com/global/business/cloud/,marketing
samsungacr.com,Samsung,https://www.samsung.com/,Advertising
elasticbeanstalk.com,Amazon Web Services,https://aws.amazon.com/,Static Server
google-analytics.com,Google,https://www.google.com/,analytics
amazoncrl.com,Amazon,https://www.amazon.com/,CDN
2mdn.net,DoubleClick,https://www.doubleclickbygoogle.com/,advertising
app.link,Branch,https://branch.io/,link tracking and deep linking platform
feedburner.com,Google,https://www.google.com/,marketing
pluto.tv,Pluto TV,https://pluto.tv/,streaming media service provider
pavv.co.kr,PAVV,https://www.pavv.co.kr/,static server
internetat.tv,,,"The provided URL is not associated with any known purpose such as tracking, marketing, advertising, analytics, CDN, static server, DNS or first-party host."
samsungcloudsolution.com,Samsung,https://www.samsung.com/,marketing
samsungelectronics.com,Samsung Electronics,https://www.samsung.com/,"{'purpose': 'first-party host', 'description': 'The provided URL belongs to Samsung Electronics and serves as a first-party host for their website.'}"
majorleaguegaming.com,Major League Gaming,https://www.majorleaguegaming.com/,first-party host
samsungqbe.com,Samsung,https://www.samsung.com/,This URL appears to be a first-party host for Samsung's QBE (Quick Buy and Enjoy) service.
samsungads.com,Samsung Ads,https://samsungads.com,advertising
samsungotn.net,Samsung,https://www.samsung.com/,CDN
samsungrm.net,Unknown,Unknown,DNS
fbcdn.net,Facebook,https://www.facebook.com/,CDN
rwth-aachen.de,RWTH Aachen University,https://www.rwth-aachen.de/,first-party host
mparticle.com,mparticle,https://www.mparticle.com/,marketing
pki.goog,,,
yahoo.com,Yahoo!,https://www.yahoo.com,first-party host
vidible.tv,Vidible,https://www.vidible.tv/,video content management and distribution platform
kochava.com,Kochava,https://www.kochava.com/,tracking
thehill.com,The Hill,https://thehill.com/,"{'purpose': 'news/media', 'description': 'The Hill is an American news website that covers politics, policy, business, and international relations. It is owned by Capitol Hill Publishing, which is a subsidiary of News Communications, Inc.'}"
adcolony.com,AdColony,https://www.adcolony.com/,advertising
flurry.com,Flurry,https://www.flurry.com/,analytics
ueiwsp.com,Unknown,,Unable to determine the purpose of the URL
aptoide.com,,,
ottmon.net,OTTMon,https://ottmon.net/,analytics
philo.com,Philo,https://www.philo.com/,streaming service provider
viki.io,Viki,https://www.viki.com/,CDN
duckdns.org,Duck DNS,https://www.duckdns.org/,DNS
mweb.co.za,Mweb,https://www.mweb.co.za/,{'purpose': 'DNS'}
akamaized.net,Akamai Technologies,https://www.akamai.com/,CDN
playstation.net,PlayStation,https://www.playstation.com/,first-party host
intercom.io,Intercom,https://www.intercom.com/,marketing
hotspotproxy.co,Hotspot Shield,https://www.hotspotshield.com/,VPN and proxy service provider
mineproxy.club,Unknown,,DNS
playstation.com,PlayStation,https://www.playstation.com/,marketing
epicgames.com,Epic Games,https://www.epicgames.com/,{'purpose': 'CDN'}
unrealengine.com,Unreal Engine,https://www.unrealengine.com/,CDN
vivox.com,Vivox,https://www.vivox.com/,CDN
narvii.com,,,
epicgames.net,Epic Games,https://www.epicgames.com/,first-party host
ravm.tv,RAVM,https://ravm.tv/,static server
samsung.com,Samsung,https://www.samsung.com/,{'purpose': 'first-party host'}
samsungosp.com,Samsung,https://www.samsung.com/,first-party host
ntp.org,NTP Pool Project,https://www.ntppool.org/,DNS
samsungcloud.com,Samsung,https://www.samsung.com/,CDN
samsungapps.com,Samsung,https://www.samsung.com,App Store
signal.org,Signal Messenger LLC,https://signal.org/,CDN
disquscdn.com,Disqus,https://disqus.com/,CDN
weather.com,The Weather Company,https://weather.com/,first-party host
linkedin.com,LinkedIn Corporation,www.linkedin.com,professional networking and employment-oriented service
whispersystems.org,Signal Foundation,https://signal.org/,first-party host
googletagmanager.com,Google,https://www.google.com/,analytics
moatads.com,Moat Ads,https://www.moat.com/,advertising
adnxs.com,AppNexus,www.appnexus.com,advertising
optimizely.com,Optimizely,https://www.optimizely.com/,A/B Testing and personalization for websites and mobile apps
bidswitch.net,Bidswitch,https://www.bidswitch.com/,advertising
chartbeat.net,Chartbeat,https://chartbeat.com/,analytics
sitescout.com,Sitescout,https://www.sitescout.com/,marketing
att.com,AT&T,https://www.att.com/,DNS
permutive.com,Permutive,https://permutive.com/,marketing
lookout.com,Lookout,https://www.lookout.com/,marketing
lkt.is,Linkvertise,https://linkvertise.com/,advertising
telenet.be,Telenet,https://www.telenet.be/,{'purpose': 'DNS'}
gravatar.com,Gravatar,https://en.gravatar.com/,CDN
imrworldwide.com,IMR Worldwide,https://www.imrworldwide.com/,analytics
krxd.net,"Krux Digital, LLC",https://www.salesforce.com/products/marketing-cloud/customer-data-platform/identity/,tracking
evidon.com,Evidon,https://www.evidon.com/,marketing
scorecardresearch.com,ScorecardResearch,https://www.scorecardresearch.com/,analytics
agkn.com,AGKN,https://www.agkn.com/,advertising
demdex.net,Adobe,https://www.adobe.com/,marketing
innovid.com,Innovid,https://www.innovid.com/,marketing
extremereach.io,Extreme Reach,https://www.extremereach.com/,Marketing
insightexpressai.com,InsightExpressAI,https://www.insightexpressai.com/,marketing
uplynk.com,Uplynk,https://www.uplynk.com/,CDN
doubleverify.com,DoubleVerify,https://www.doubleverify.com/,marketing
spotxchange.com,SpotX,https://www.spotx.tv/,advertising
fqtag.com,fqtag,https://www.fqtag.com/,marketing
adsrvr.org,AppNexus,https://www.appnexus.com/,advertising
cogocast.net,Cogocast,https://cogocast.net/,CDN
pippio.com,Pippio,https://www.pippio.com/,marketing
apxlv.com,,,
extend.tv,ExtendTV,https://extend.tv/,marketing
rlcdn.com,Akamai Technologies,https://www.akamai.com/,CDN
videoamp.com,VideoAmp,https://videoamp.com/,marketing
mdhv.io,This URL appears to be a static server,https://en.wikipedia.org/wiki/Web_server,"A static server is a type of server that serves static content, such as HTML, CSS, JavaScript, and image files, to a client over the internet. Static servers are commonly used to host websites, but they can also be used for other purposes, such as hosting files for download or providing access to software updates. In contrast to a dynamic server, which generates content on the fly in response to client requests, a static server simply serves pre-existing content."
litix.io,Litix,https://litix.io/,CDN
discovery.com,Discovery Communications,https://corporate.discovery.com/,first-party host
att.net,AT&T,https://www.att.com/,DNS
akadns.net,Akamai Technologies,https://www.akamai.com/,DNS
apple.com,Apple,https://www.apple.com/,First-party host
cloudflare.net,Cloudflare,https://www.cloudflare.com/,CDN
fitbit.com,Fitbit,https://www.fitbit.com/,marketing
appdynamics.com,AppDynamics,https://www.appdynamics.com/,analytics
apple-dns.net,DNS,https://en.wikipedia.org/wiki/Domain_Name_System,This URL is most likely associated with a DNS server and is used to resolve domain names to IP addresses.
icloud.com,Apple Inc.,https://www.apple.com/,first-party host
aaplimg.com,Apple Inc.,https://www.apple.com/,CDN
mixpanel.com,mixpanel,https://mixpanel.com/,analytics
mozilla.org,Mozilla,https://www.mozilla.org/,first-party host
localytics.com,Localytics,https://www.localytics.com/,analytics
att-idns.net,AT&T,https://about.att.com/,DNS
itunes.com,Apple,https://www.apple.com,CDN
honeywell.com,Honeywell,https://www.honeywell.com/,first-party host
game-mode.net,Game Mode,https://game-mode.net/,static server
images-amazon.com,Amazon,https://www.amazon.com/,CDN
sfx.ms,Microsoft,https://www.microsoft.com/,CDN
usinternet.com,US Internet Corp,https://fiber.usinternet.com/,"ISP providing fiber internet, VoIP, and cloud services in select areas of Minneapolis and St. Paul."
leanplum.com,Leanplum,https://www.leanplum.com/,marketing
wikimedia.org,Wikimedia Foundation,https://wikimediafoundation.org/,"This URL is a first-party host for Wikimedia Foundation, which is a non-profit organization that operates Wikipedia and other free knowledge projects."
adjust.com,Adjust,https://www.adjust.com/,marketing
mozilla.net,Mozilla,https://www.mozilla.org,DNS
pinterest.com,Pinterest,https://www.pinterest.com/,marketing
phncdn.com,Pornhub,https://www.pornhub.com/,CDN
skype.com,Skype,https://www.skype.com/,communications
mozilla.com,Mozilla,https://www.mozilla.org/,first-party host
dropbox.com,Dropbox,https://www.dropbox.com/,CDN
trustarc.com,TrustArc,https://www.trustarc.com/,marketing
dropboxapi.com,Dropbox,https://www.dropbox.com,CDN
ssl-images-amazon.com,Amazon,https://www.amazon.com/,CDN
wikipedia.org,Wikipedia,https://www.wikipedia.org/,static server
audible.com,Audible,https://www.audible.com/,marketing
icfcdn.com,ICF,https://www.icf.com/,CDN
mopub.com,MoPub,https://www.mopub.com/,advertising
adtng.com,ADTNG,https://adtng.com/,advertising
etahub.com,EtaHub,etahub.com,It is not possible to determine the purpose of the URL without further information.
trafficjunky.net,TrafficJunky,https://www.trafficjunky.com/,advertising
flipboard.com,Flipboard,https://flipboard.com/,content discovery and social network aggregation platform
thisamericanlife.org,This American Life,https://www.thisamericanlife.org/,"{'purpose': 'static server', 'description': 'The provided URL is used as a static server to serve the content and media files related to the This American Life website. It is responsible for hosting static content such as HTML, CSS, JavaScript, and images that are required to render the website correctly to the users.'}"
itsup.com,,,
asuscomm.com,ASUS,https://www.asus.com/,DNS
netcabo.pt,Netcabo,https://www.netcabo.pt/,DNS
telepac.pt,Telepac,https://www.telepac.pt/,DNS
proxy4.win,Unknown,,Unable to determine the purpose of the provided URL
proxygo.us,Unknown,,Cannot determine the purpose of the URL
hotspotproxy.gq,Unknown,,DNS
proxygo.club,Unknown,,The purpose of the provided URL is unclear and cannot be determined with certainty.
demandbase.com,Demandbase,https://www.demandbase.com/,marketing
twimg.com,Twitter,https://twitter.com/,CDN
facebook.net,Facebook,https://www.facebook.com/,CDN
livetelegram.cc,Unknown,,DNS
llnwd.net,Limelight Networks,https://www.limelight.com/,CDN
jtvnw.net,"Akamai Technologies, Inc.",https://www.akamai.com/,CDN
ampme.com,AmpMe,https://ampme.com/,marketing
sonyentertainmentnetwork.com,Sony Interactive Entertainment LLC,https://www.sie.com/,first-party host
comcast.net,Comcast Corporation,https://corporate.comcast.com/,DNS
rr.com,Charter Communications,https://www.spectrum.com/,DNS
sl-reverse.com,,,
myactv.net,Antietam Broadband,https://www.antietambroadband.com/,DNS
cloudapp.net,CloudApp,https://www.getcloudapp.com/,CDN
setaptr.net,Setaptr,https://www.setaptr.net/,DNS
servercontrol.com.au,Server Control,https://www.servercontrol.com.au/,DNS
unmetered.com,CDN77,https://www.cdn77.com/,CDN
azure.com,Microsoft Azure,https://azure.microsoft.com/,CDN
edgecastcdn.net,Edgecast CDN,https://www.verizondigitalmedia.com/platform/edgecast-cdn/,CDN
amazon.co.uk,CDN,https://aws.amazon.com/cloudfront/,"The provided URL is used as a content delivery network (CDN) by Amazon for caching and delivering static content such as images, videos, scripts, and other files globally with high availability and low latency."
avcdn.net,Akamai Technologies,https://www.akamai.com/,CDN
ea.com,EA (Electronic Arts),https://www.ea.com/,first-party host
ubi.com,Marketing,https://ubi.com/,The purpose of the provided URL is marketing.
respawn.com,Respawn Entertainment,https://www.respawn.com/,first-party host
sitestream.net,CDN,https://sitestreamcdn.com/,"The provided URL is a Content Delivery Network (CDN) provided by Sitestream. It is used to deliver content such as images, videos, and other static assets from the server to the end-users in a faster and more efficient manner, regardless of their location."
musical.ly,musical.ly,https://www.musical.ly/,marketing
ubisoft.com,Ubisoft,https://www.ubisoft.com/,first-party host
ondemand.com,CDN,https://www.ondeamnd.com/,"The purpose of the provided URL 'ondemand.com' is to serve as a Content Delivery Network (CDN) that delivers content, including webpages, images, videos, and other files, to users based on their geographic location, network latency, and other factors that affect the speed and performance of web browsing."
goguardian.com,GoGuardian,https://www.goguardian.com/,marketing
withgoogle.com,Google,https://www.google.com/,DNS
hshh.org,,,The provided URL (hshh.org) seems to be invalid or no information could be found.
insigniaproducts.com,Insignia Products,https://www.insigniaproducts.com/,first-party host
urbanairship.com,Urban Airship,https://www.urbanairship.com/,marketing
amazon-dss.com,Amazon,https://www.amazon.com/,CDN
a2z.com,"A2Z Development Center, Inc.",https://developer.amazon.com/,marketing
akamai.net,Akamai Technologies,https://www.akamai.com/,CDN
sonos.com,Sonos,https://www.sonos.com/,marketing
amazon-adsystem.com,Amazon,https://www.amazon.com/,advertising
usatoday.com,USA Today Network,https://www.gannett.com/,news website
gannett-cdn.com,Gannett,https://www.gannett.com/,CDN
wpdigital.net,WPDigital,https://wpdigital.net/,DNS
amazonalexa.com,Amazon,https://www.amazon.com/,marketing
duapps.com,DU Apps Studio,https://duapps.com/,marketing
ntp-fireos.com,Unknown,,DNS
amazonsilk.com,Amazon,https://www.amazon.com/,CDN
bbci.co.uk,BBC,https://www.bbc.com,first-party host
tapas.net,Tapas Media,https://tapas.io/,marketing
msftncsi.com,Microsoft Corporation,https://www.microsoft.com/,DNS
foldlife.net,foldlife.net,https://foldlife.net/,static server
amazonmusic.com,Amazon,https://www.amazon.com,first-party host
dropcam.com,Dropcam,https://www.dropcam.com/,Security cameras
edgekey.net,Akamai Technologies,https://www.akamai.com/,CDN
mzstatic.com,Apple Inc.,https://www.apple.com/,CDN
launchdarkly.com,LaunchDarkly,https://launchdarkly.com/,first-party host
advg.vip,AdVantage Media,https://www.advg.vip/,advertising
truste.com,TrustArc Inc.,https://www.trustarc.com/,DNS
adrta.com,Adrta,https://adrta.com/,marketing
tvpixel.com,TVSquared,https://tvsquared.com/,tracking
placed.com,Marketing,https://placed.com/,Placed is a location-based data and insights platform that provides information on real-world behaviors of consumers. The platform is primarily used for marketing purposes such as measuring the effectiveness of advertising campaigns and understanding consumer behavior in physical locations.
samba.tv,Samba TV,https://samba.tv/,tracking
stickyadstv.com,StickyAdsTV,https://www.stickyadstv.com/,advertising
mookie1.com,Marketing company,https://www.mookie1.com/,advertising
imtwjwoasak.com,,,The provided URL is invalid or does not exist.
qbk1.com,,,
bluecava.com,BlueCava,https://www.bluecava.com/,analytics
movetv.com,Move Networks,https://www.movenetworks.com/,CDN
sling.com,Sling TV,https://www.sling.com/,streaming service
twitter.com,Twitter Inc.,https://twitter.com/en,marketing
cdninstagram.com,Instagram,https://www.instagram.com/,CDN
office.com,Microsoft Corporation,https://www.microsoft.com/,first-party host
t.co,Twitter,https://twitter.com/,URL shortening service for Twitter
reddit.com,Reddit Inc.,https://www.redditinc.com/,first-party host
instagram.com,"Facebook, Inc.",https://www.facebook.com/,marketing
microsoftonline.com,Microsoft Corporation,https://www.microsoft.com/,first-party host
sc-cdn.net,StackPath,https://www.stackpath.com/,CDN
one.one,"Cloudflare, Inc.",https://www.cloudflare.com/,DNS
appspot.com,Google,https://www.google.com/,CDN
paypal.com,PayPal,https://www.paypal.com,first-party host
snapchat.com,Snap Inc.,https://www.snap.com/,marketing
office365.com,Microsoft Corporation,https://www.microsoft.com/,marketing
3gppnetwork.org,3GPP,https://www.3gpp.org/,"{'purpose': 'DNS', 'description': '3gppnetwork.org is the domain name system (DNS) of 3GPP, which is responsible for defining the technical specifications for mobile communication systems.'}"
dynatrace.com,Dynatrace,https://www.dynatrace.com/,analytics
pusher.com,Pusher,https://pusher.com/,realtime APIs and pub/sub messaging service provider
redd.it,Reddit,https://www.redditinc.com/,first-party host
gfycat.com,CDN,https://gfycat.com/,"This URL belongs to a Content Delivery Network (CDN) which is designed to optimize the delivery of content, such as images and videos, to users by distributing the content to multiple servers. CDN helps to reduce website loading times and improve website performance."
tile-api.com,Tile,https://www.thetileapp.com/,CDN
ticktick.com,TickTick,https://ticktick.com/,productivity app
statuspage.io,Atlassian,https://www.atlassian.com/,status tracking
trusteer.com,Trusteer,https://www.trusteer.com/,security software
ecosia.org,Ecosia,https://www.ecosia.org/,search engine (first-party host)
mapbox.com,Mapbox,https://www.mapbox.com/,CDN
braze.eu,Braze,https://www.braze.com/,marketing
adswizz.com,Adswizz,https://www.adswizz.com/,marketing
startappservice.com,StartApp,https://www.startapp.com,advertising
sharp-stream.com,SharpStream,https://sharp-stream.com/,CDN
channel4.com,Channel 4,www.channel4.com,static server
bombproxy.pro,Unknown,,DNS
hotspotproxy.live,hotspotproxy.live,https://hotspotproxy.live/,CDN
tt2.live,,,
starproxy.pro,StarProxy,https://starproxy.pro/,proxy service
nflximg.net,Netflix,https://www.netflix.com/,CDN
lgtvsdp.com,Unknown,,Cannot determine the purpose of the provided URL.
lgappstv.com,LG,https://www.lg.com/,first-party host
lgsmartad.com,LG Smart Ad,https://www.lg.com/global/business/smart-ad,advertising
kustomerapp.com,Kustomer,https://www.kustomer.com/,first-party host
affirm.com,Affirm,https://www.affirm.com/,marketing
company-target.com,Unknown,,Cannot determine the purpose of the URL without additional information.
fandango.com,Fandango,https://www.fandango.com/,marketing
google.ca,Google,https://www.google.com/,search engine and technology company
google.fr,Google,https://www.google.com/,search engine and internet-related services
goo.gl,Google,https://www.google.com/,URL shortener
google.it,Google,https://www.google.com/,DNS
google.co.uk,Google,https://www.google.com/,DNS
g.co,Google,https://www.google.com/,first-party host
google.be,Google,https://www.google.com/,search engine
google.es,Google,https://www.google.com/,DNS
google.co.id,Google,https://www.google.com/,DNS
google.co.in,DNS,https://www.google.com/intl/en_in/about/,The provided URL is a domain name system (DNS) of Google India.
google.com.ua,Google,https://www.google.com/,DNS
google.dk,Google,https://www.google.com/,first-party host
google.no,Google,https://www.google.com/,DNS
google.at,Google,https://www.google.com/,DNS
google.nl,Google,https://www.google.com/,DNS
google.ch,Google,https://www.google.com/,search engine
google.gr,Google,https://www.google.com,"search engine and technology company, no clear purpose for provided URL"
google.com.tw,DNS,https://dns.google/,The provided URL belongs to the DNS service of Google.
google.co.kr,Google,https://www.google.com/,DNS
google.ro,Google,https://www.google.com/,first-party host
google.se,Google,https://www.google.com/,DNS
sophos.com,Sophos,https://www.sophos.com/,first-party host
princeton.edu,Princeton University,https://www.princeton.edu/,first-party host
hotjar.com,Hotjar,https://www.hotjar.com/,analytics
duckduckgo.com,DuckDuckGo,https://duckduckgo.com/,search engine
fing.io,Fing Limited,https://www.fing.com/,DNS
maxmind.com,MaxMind,https://www.maxmind.com/,Analytics
ampproject.net,Google,https://www.google.com/,CDN
sc-static.net,"Akamai Technologies, Inc.",https://www.akamai.com/,CDN
firebaseapp.com,Firebase,https://firebase.google.com/,{'purpose': 'analytics'}
sony.tv,Sony Corporation,https://www.sony.com/,first-party host
ndmdhs.com,N/A,N/A,The provided URL (ndmdhs.com) is invalid and cannot be analyzed.
amazon.co.jp,Amazon,https://www.amazon.com/,"{'purpose': 'CDN', 'description': ""The provided URL is a content delivery network (CDN) used by Amazon Japan to distribute various types of content such as images, videos, and scripts to end-users. The CDN helps to improve the loading speed and performance of Amazon Japan's website by reducing the latency and bandwidth usage."", 'source': 'https://aws.amazon.com/cloudfront/'}"
mlb.com,Major League Baseball,https://www.mlb.com/,first-party host
primevideo.com,Amazon,https://www.amazon.com/,video streaming service
muscdn.com,MUS CDN,https://www.muscdn.com/,CDN
flingo.tv,Flingo,https://www.flingo.tv/,CDN
playmemoriesonline.com,Sony Corporation,https://www.sony.com/,cloud storage service for photos and videos
ink1001.com,Ink1001,https://www.ink1001.com/,marketing
capitalonegslbex.com,Capital One,https://www.capitalone.com/,DNS
giraffic.net,Giraffic,http://www.giraffic.com/,CDN
shoptv.com,ShopHQ,https://www.shophq.com/,marketing
jwplatform.com,JW Player,https://www.jwplayer.com/,analytics
amcs-tachyon.com,AMCS Tachyon,https://www.amcsgroup.com/,CDN
youtube-nocookie.com,YouTube,https://www.youtube.com/,CDN
nhl.com,National Hockey League,https://www.nhl.com/,first-party host
internet-census.org,Internet Census,https://internet-census.org/,analytics
vido.info,VIDO,https://vido.info/,marketing
rapid7.com,Rapid7,https://www.rapid7.com/,static server
fcloud.biz,FCloud,https://www.fcloud.biz/,static server
linode.com,Linode,https://www.linode.com/,static server
plex.bz,Plex,https://www.plex.tv/,static server
plexapp.com,Plex,https://www.plex.tv/,CDN
nvidia.com,NVIDIA,https://www.nvidia.com/,CDN
npr.org,NPR,https://www.npr.org/,"{'purpose': 'news/media', 'description': 'The provided URL belongs to National Public Radio (NPR), a media organization that provides news, information and cultural programming. Therefore, the purpose of this URL is to provide news content and media services to the public.'}"
streamtheworld.com,StreamTheWorld,https://www.streamtheworld.com/,CDN
aibixby.com,Aibixby,https://aibixby.com/,It is not possible to determine the exact purpose of this URL without further information.
ring.com,Ring,https://ring.com/,marketing
allrecipes.com,Allrecipes,https://www.allrecipes.com,first-party host
sndcdn.com,SoundCloud,https://soundcloud.com/,CDN
people.com,Time Inc.,https://www.timeinc.com/,marketing
overwatchleague.com,Overwatch League,https://overwatchleague.com/,first-party host
nbc.co,"NBCUniversal Media, LLC",https://www.nbcuniversal.com/,first-party host
pandora.com,"Pandora Media, LLC",https://www.pandora.com/,music streaming service
groceryserver.com,GroceryServer,https://groceryserver.com,static server
meraki.com,Meraki,https://meraki.com/,CDN
sbixby.com,"S.Bixby, LLC",https://sbixby.com/,It is not possible to determine the purpose of the URL without further information.
whisk.com,Whisk,https://www.whisk.com/,It is not possible to determine the purpose of the provided URL without additional information.
media-allrecipes.com,Allrecipes,https://www.allrecipes.com/,CDN
ywxi.net,Adobe,https://www.adobe.com/,analytics
tizenstore.com,Samsung,https://www.samsung.com,First-party host
samsunghrm.com,Samsung,https://www.samsung.com/,first-party host
cspserver.net,CDN77,https://www.cdn77.com/,CDN
twit.tv,TWiT,https://twit.tv/,media and broadcasting
onyxmtp.online,,,
acquia.com,Acquia,https://www.acquia.com/,CDN
hotspotproxy.xyz,Unknown,,It is not possible to determine the purpose of hotspotproxy.xyz without additional information.
newslive2.xyz,Unknown,,It is unclear what the purpose of the provided URL is without further information.
nintendo.net,Nintendo,https://www.nintendo.com/,first-party host
virginm.net,Virgin Media,https://www.virginmedia.com/,DNS
onedrive.com,Microsoft Corporation,https://www.microsoft.com/,cloud storage service
cloudflare.com,CDN,https://www.cloudflare.com/,"The provided URL is for a content delivery network (CDN) provider called Cloudflare. CDN providers help to speed up content delivery by serving the content from the nearest server to the user, which can reduce latency and improve website performance."
windows.com,Microsoft Corporation,https://www.microsoft.com/,first-party host
brightcove.net,Brightcove,https://www.brightcove.com/,CDN
brightcove.com,Brightcove,https://www.brightcove.com/,CDN
discord.gg,Discord,https://discord.com/,first-party host
boltdns.net,BoltDNS,https://boltdns.net/,DNS
steampowered.com,Steam,https://store.steampowered.com/,static server
twitch.tv,"Twitch Interactive, Inc.",https://www.twitch.tv/,CDN
salesforce.com,Salesforce,https://www.salesforce.com/,marketing
twitchcdn.net,Twitch,https://www.twitch.tv,CDN
siteforce.com,Siteforce,https://www.siteforce.com/,marketing
transacme.com,DNS,https://www.transacme.com,The provided URL belongs to a DNS service provider.
tuyaus.com,Unknown,,It is not possible to determine the purpose of the URL without further information.
2o7.net,Adobe,https://www.adobe.com/,tracking
ihrhls.com,Akamai Technologies,https://www.akamai.com/,CDN
iheart.com,iHeartMedia,https://www.iheartmedia.com/,marketing
zillowstatic.com,Zillow Group,https://www.zillowgroup.com/,static server
gumgum.com,GumGum,https://gumgum.com/,marketing
tailtarget.com,Tail Target,https://www.tailtarget.com/,marketing
doordash.com,DoorDash,https://www.doordash.com/,marketing
aiv-cdn.net,AIV,https://www.aiv-inc.com/,CDN
as13285.net,TalkTalk Group,https://www.talktalkgroup.com/,DNS
live.com,Microsoft Corporation,https://www.microsoft.com/,first-party host
meethue.com,Philips,www.philips.com,marketing
tplinkra.com,TP-Link,https://www.tp-link.com/,DNS
tplinkcloud.com,,,
pushbullet.com,Pushbullet,https://www.pushbullet.com/,marketing
nist.gov,National Institute of Standards and Technology,https://www.nist.gov/,"{'purpose': 'DNS', 'description': 'The provided URL belongs to the National Institute of Standards and Technology and serves as their domain name system (DNS) server. DNS servers are responsible for translating domain names (such as nist.gov) into IP addresses that computers can understand.'}"
fungames-forfree.com,fungames-forfree.com,https://fungames-forfree.com/,marketing
tunein.com,TuneIn,https://tunein.com/,first-party host
feelinsonice.com,CDN,https://www.fastly.com/,"Content Delivery Network (CDN) for delivering digital content, including images, videos, and other static assets to end-users from the nearest server location."
adblockplus.org,Adblock Plus,https://adblockplus.org/,advertising
tuyaeu.com,Unknown,,Cannot determine the purpose of the provided URL.
bamgrid.com,Bamtech Media,https://bamtechmedia.com/,CDN
babbel.com,Babbel,https://www.babbel.com/,first-party host
presage.io,Presage.io,https://www.presage.io/,marketing
worldlifestyle.com,World Lifestyle,https://www.worldlifestyle.com/,marketing
irobotapi.com,,,
pbs.org,PBS,www.pbs.org,{'purpose': 'first-party host'}
mlbstatic.com,MLB Advanced Media,https://www.mlb.com/,static server
datadome.co,Datadome,https://www.datadome.co/,CDN
githubusercontent.com,GitHub,https://github.com/,CDN
tmdb.org,The Movie Database,https://www.themoviedb.org/,"{'purpose': 'Content database and API for movies, TV shows, and celebrities.', 'category': 'Media', 'type': 'First-party host'}"
github.com,GitHub,https://github.com/,code hosting and collaborative development platform
opendns.com,OpenDNS,https://www.opendns.com/,DNS
bit.nl,BIT BV,https://www.bit.nl/,static server
amplitude.com,Amplitude,https://amplitude.com/,analytics
herokuapp.com,Heroku,https://www.heroku.com/,static server
alexa.com,"Alexa Internet, Inc.",https://www.alexa.com/,analytics
imgur.com,Imgur,https://imgur.com/,CDN
tetaneutral.net,Tetaneutral,https://www.tetaneutral.net/,{'purpose': 'CDN'}
amazontrust.com,Amazon,https://www.amazon.com/,DNS
amazon.de,Amazon,https://www.amazon.com/,e-commerce
bit.ly,Bitly,https://bitly.com/,URL shortening and bookmarking service
archive.org,Internet Archive,https://archive.org/,static server
segment.io,,,
kodi.tv,Kodi,https://kodi.tv/,"{'purpose': 'media player software', 'category': 'first-party host', 'description': 'kodi.tv is the official website of Kodi - a free and open-source media player software application developed by the XBMC Foundation. Therefore, the purpose of this URL is to provide information and downloads related to the Kodi media player software.'}"
op.gg,OP.GG,https://www.op.gg/,analytics
f-droid.org,F-Droid Limited,https://f-droid.org/,static server
lastpass.com,LastPass,https://www.lastpass.com/,first-party host
quad9.net,Quad9,https://quad9.net/,DNS
bootstrapcdn.com,Bootstrap,https://getbootstrap.com/,CDN
fontawesome.com,Font Awesome,https://fontawesome.com/,CDN
jquery.com,jQuery Foundation,https://jquery.org/,CDN
speedtest.net,Ookla,https://www.ookla.com/,"speedtest.net is used for network speed testing and performance analysis, primarily for individual users and service providers. Therefore, it falls under the category of analytics and first-party host."
amazonpay.com,Amazon Pay,https://pay.amazon.com/,payment processing and checkout solution
d3js.org,D3.js,https://d3js.org/,"{'purpose': 'static server', 'description': 'The provided URL is the official website of D3.js library which is used for data visualization on the web. The purpose of the URL is to serve static files (HTML, CSS, JS) and provide documentation about the library.'}"
datatables.net,DataTables,https://datatables.net/,static server
myshopify.com,Shopify,https://www.shopify.com/,e-commerce platform
footprintdns.com,FootprintDNS,https://footprintdns.com,DNS
outlook.com,Microsoft Corporation,https://www.microsoft.com/,first-party host
webtest.net,WebTest,https://www.webtest.net/,It is not possible to determine the purpose of the provided URL without more information or context.
hotmail.com,Microsoft Corporation,https://www.microsoft.com/,first-party host
mb-cosmos.com,CDN,https://www.mb-cosmos.com/,The provided URL is a content delivery network used to efficiently distribute content across the internet.
nzbplanet.net,NZBPlanet,https://nzbplanet.net/,static server
amazonbrowserapp.com,Amazon,https://www.amazon.com/,DNS
justgetflux.com,Flux Software LLC,https://justgetflux.com/,marketing
slack.com,,,
dropboxcaptcha.com,Unknown,,"It is not possible to determine the purpose of this URL with certainty. However, the word 'captcha' in the URL suggests that it may be related to preventing automated requests and verifying human users."
ably.io,Ably,https://ably.io/,CDN
cdn-apple.com,Apple Inc.,https://www.apple.com/,CDN
samsungcloud.tv,Samsung,https://www.samsung.com/,static server
ooreka.fr,Ooreka,https://www.ooreka.fr/,first-party host
underdog.media,Underdog Media,https://underdogmedia.com/,advertising
staticwars.com,StaticWars,https://staticwars.com/,static server
tvsquared.com,TVSquared,https://tvsquared.com/,analytics
bn765.com,Unknown,,The purpose of bn765.com cannot be determined as it appears to be an invalid domain name.
comhem.se,Com Hem AB,https://www.comhem.se/,first-party host
adobe.io,Adobe,https://www.adobe.com/,developer platform and resources for Adobe products and services
msn.com,Microsoft Corporation,https://www.microsoft.com/,first-party host
live.net,Microsoft,https://www.microsoft.com,CDN
windowsupdate.com,Microsoft Corporation,https://www.microsoft.com,CDN
bing.com,Microsoft Corporation,https://www.microsoft.com/,search engine
adobe.com,Adobe,https://www.adobe.com/,marketing
amd.com,AMD,https://www.amd.com/,static server
discordapp.com,Discord,https://discordapp.com/,first-party host
dropbox-dns.com,DNS,https://en.wikipedia.org/wiki/Domain_Name_System,"The provided URL is a domain name system (DNS) and is responsible for translating domain names into IP addresses, which allows devices to connect and communicate with each other on the internet."
digicert.com,,,
netgear.com,,,
globalsign.net,,,
trafficmanager.net,,,
tnt-ea.com,,,
origin.com,,,
google.cn,,,
lenovo.com.cn,,,
nest.com,,,
telstra.com,,,
monoprice.com,,,
charter.com,,,
spectrum.net,,,
timewarnercable.com,,,
github.io,,,
fastly.net,,,
google.de,,,
yandex.net,,,
google.com.br,,,
vewd.com,,,
soundcloud.com,,,
hbomax.com,,,
cox.net,,,
vultr.com,,,
a1.net,,,
stretchoid.com,,,
arbor-observatory.com,,,
identrust.com,,,
censys-scanner.com,,,
lencr.org,,,
gmx.net,,,
seattlespectrum.com,,,
sentry.io,,,
nyu.edu,,,
blogspot.com,,,
tiqcdn.com,,,
mysamba.tv,,,
crackle.com,,,
flickr.com,,,
samsungcloudcdn.com,,,
code.org,,,
homeunix.net,,,
myharmony.com,,,
sbcglobal.net,,,
vimeo.com,,,
onlinehome-server.com,,,
vimeocdn.com,,,
nvidiagrid.net,,,
tegrazone.com,,,
windows.net,,,
steamstatic.com,,,
steam-chat.com,,,
msauth.net,,,
geforce.com,,,
onenote.net,,,
king.com,,,
sway-cdn.com,,,
akamai.com,,,
gfsvc.com,,,
ghostery.com,,,
brave.com,,,
flathub.org,,,
mobileapptracking.com,,,
ravenjs.com,,,
nordvpn.com,,,
nel.goog,,,
gvt3.com,,,
cnevids.com,,,
showtimeanytime.com,,,
showtime.com,,,
bell.ca,,,
muug.ca,,,
cbc.ca,,,
netflixdnstest10.com,,,
sonymobile.com,,,
lync.com,,,
oneplus.net,,,
appsflyer.com,,,
appboy.com,,,
qq.com,,,
xlink.cn,,,
apester.com,,,
speedcurve.com,,,
exelator.com,,,
nr-data.net,,,
bluekai.com,,,
adsafeprotected.com,,,
researchnow.com,,,
newrelic.com,,,
spot.im,,,
nielsencollections.com,,,
cdk.com,,,
hulustream.com,,,
huluim.com,,,
brightline.tv,,,
internetvideoarchive.net,,,
cookbooks.trade,,,
avast.com,,,
azurewebsites.net,,,
yimg.com,,,
mailchimp.com,,,
oath.com,,,
nexage.com,,,
cloudfunctions.net,,,
bluemailapp.com,,,
snapcraft.io,,,
ip-192-99-36.net,,,
tivoservice.com,,,
myqdevice.com,,,
mynexia.com,,,
websolspk.com,,,
zerotier.com,,,
maigreatjob.com,,,
9c9media.com,,,
redbull.tv,,,
everesttech.net,,,
adobedtm.com,,,
ads-twitter.com,,,
9c9media.ca,,,
bellmedia.ca,,,
ifcdn.com,,,
docker.com,,,
home-assistant.io,,,
3lift.com,,,
nextdoor-test.com,,,
tapad.com,,,
foxnews.com,,,
vudu.com,,,
rhocdn.net,,,
adobecqms.net,,,
vvond.net,,,
privateinternetaccess.com,,,
hdhomerun.com,,,
otenet.gr,,,
synology.com,,,
brid.tv,,,
firebaseio.com,,,
swrve.com,,,
viber.com,,,
opensignal.com,,,
acast.com,,,
jibecloud.net,,,
googlezip.net,,,
bose.com,,,
ensighten.com,,,
adknit.com,,,
nytimes.com,,,
cnn.net,,,
nyt.com,,,
pendo.io,,,
bose.io,,,
formstack.com,,,
bosecm.com,,,
media-imdb.com,,,
vizio.com,,,
tvinteractive.tv,,,
ghostery.net,,,
ubuntu.com,,,
youboranqs01.com,,,
drmtoday.com,,,
youbora.com,,,
stan.com.au,,,
vevo.com,,,
westcall.net,,,
smartthings.com,,,
web-hosting.com,,,
iotcplatform.com,,,
xbcs.net,,,
agedbuddha.com,,,
voipyourphone.com,,,
mathtag.com,,,
qwest.net,,,
virtualearth.net,,,
xboxlive.com,,,
macromedia.com,,,
windowsphone.com,,,
google.ru,,,
disqus.com,,,
go-mpulse.net,,,
joinhoney.com,,,
teamviewer.com,,,
247-inc.net,,,
fwmrm.net,,,
mtvnimages.com,,,
viacom.com,,,
cc.com,,,
nice264.com,,,
pubmatic.com,,,
rubiconproject.com,,,
bttrack.com,,,
semasio.net,,,
aspnetcdn.com,,,
cortana.ai,,,
skypeassets.com,,,
netdna-ssl.com,,,
flightaware.com,,,
cineplex.com,,,
stitcher.com,,,
hicloud.com,,,
unity3d.com,,,
helpshift.com,,,
cleanbrowsing.org,,,
megaphone.fm,,,
blubrry.com,,,
audioboom.com,,,
chtbl.com,,,
open-telekom-cloud.com,,,
branch.io,,,
seek.com.au,,,
cbs.com,,,
sony.net,,,
clashofclans.com,,,
opera.com,,,
abc.net.au,,,
swm.digital,,,
freeviewplus.net.au,,,
sbs.com.au,,,
oztam.com.au,,,
agoop.net,,,
mediatek.com,,,
gdsec.net,,,
iterable.com,,,
fing.com,,,
sharethis.com,,,
typekit.net,,,
uchicago.edu,,,
consensu.org,,,
cedia.org.ec,,,
easylist.to,,,
publicsuffix.org,,,
gitcdn.xyz,,,
yoyo.org,,,
mixer.com,,,
espncdn.com,,,
myskybell.com,,,
invisioncic.com,,,
darkreader.org,,,
cbsistatic.com,,,
cnet.com,,,
msecnd.net,,,
bravesoftware.com,,,
quickbooks.com,,,
ada.support,,,
noip.com,,,
edgesv.net,,,
splashtop.com,,,
cbsallaccess.ca,,,
247mahjong.com,,,
netflix.net,,,
mozaws.net,,,
adrise.tv,,,
lego.com,,,
adlightning.com,,,
typekit.com,,,
adobess.com,,,
icloud-content.com,,,
fbsbx.com,,,
behance.net,,,
vox-cdn.com,,,
iana.org,,,
adobelogin.com,,,
adobesc.com,,,
wyzecam.com,,,
awsglobalaccelerator.com,,,
tritondigital.com,,,
duolingo.com,,,
redditmedia.com,,,
pch.net,,,
google.pl,,,
zemanta.com,,,
segment.com,,,
outbrain.com,,,
outbrainimg.com,,,
tealiumiq.com,,,
mfadsrvr.com,,,
sonobi.com,,,
politico.com,,,
forter.com,,,
hiltonapi.com,,,
ifttt.com,,,
svcmot.com,,,
openx.net,,,
tinypass.com,,,
quora.com,,,
polyfill.io,,,
scroll.com,,,
anvato.net,,,
tremorhub.com,,,
iris.tv,,,
spots.im,,,
fncstatic.com,,,
simplereach.com,,,
directv.com,,,
xfinity.com,,,
turner.com,,,
mariokarttour.com,,,
samsung-svoice.com,,,
pinsightmedia.com,,,
yelp.com,,,
allophone.net,,,
fanart.tv,,,
phicdn.net,,,
podnapisi.net,,,
appcenter.ms,,,
mcafee.com,,,
letsencrypt.org,,,
volutionwarness.site,,,
casalemedia.com,,,
media.net,,,
telephony.goog,,,
districtm.io,,,
sharethrough.com,,,
paypalobjects.com,,,
crwdcntrl.net,,,
1rx.io,,,
33across.com,,,
clean.gg,,,
smadex.com,,,
slackb.com,,,
verizon.com,,,
cdn77.org,,,
radar.io,,,
emb-api.com,,,
instabug.com,,,
blinkreceipt.com,,,
marketingcloudapis.com,,,
vzmessages.com,,,
iotinspector.org,,,
ab1n.net,,,
signalr.net,,,
wunderground.com,,,
akstat.io,,,
sharepoint.com,,,
inmobi.com,,,
applovin.com,,,
aerserv.com,,,
safedk.com,,,
inmobicdn.net,,,
zynga.com,,,
glympse.com,,,
qnap.com,,,
cbsi.com,,,
bitmoji.com,,,
cbsnews.com,,,
pubwise.io,,,
winehq.org,,,
tivo.com,,,
me.com,,,
hkserverworks.com,,,
smartmailcloud.com,,,
backblaze.com,,,
sprintlink.net,,,
airwire.ie,,,
accuweather.com,,,
khoda.xyz,,,
hismarttv.com,,,
bbctvapps.co.uk,,,
digitaluk.co.uk,,,
hubspot.com,,,
hs-analytics.net,,,
pingdom.net,,,
alexametrics.com,,,
mxpnl.com,,,
ttvnw.net,,,
sekindo.com,,,
comodo.com,,,
intel.com,,,
onenote.com,,,
belkin.com,,,
afrihost.co.za,,,
dynu.com,,,
enphaseenergy.com,,,
mtpfast.pw,,,
mydlink.com,,,
hwclouds-dns.com,,,
xvideos.com,,,
xvideos-cdn.com,,,
trafficfactory.biz,,,
google.com.mx,,,
touchtype-fluency.com,,,
pelmorex.com,,,
ted.com,,,
radiotime.com,,,
molekule.com,,,
bhvrdbd.com,,,
giize.com,,,
amcnetworks.com,,,
capitalone.com,,,
poshmark.com,,,
hoopladigital.com,,,
gamepass.com,,,
worldtimeserver.com,,,
web-rubika-ir.gq,,,
authy.com,,,
office.net,,,
fb.com,,,
microsoftstream.com,,,
onhub.here,,,
cbsig.net,,,
syncbak.com,,,
cbsstatic.com,,,
firetvcaptiveportal.com,,,
ubnt.com,,,
virginmedia.net,,,
dazn.com,,,
trkmenowapptwtree.site,,,
adgrx.com,,,
samsungnyc.com,,,
tmodns.net,,,
myvzw.com,,,
ipip.net,,,
docker.io,,,
is-a-geek.com,,,
revenuecat.com,,,
visualstudio.com,,,
automatic.com,,,
darksky.net,,,
coder.com,,,
august.com,,,
nabu.casa,,,
nabucasa.com,,,
ecouser.net,,,
fortinet.net,,,
stripe.com,,,
jsdelivr.net,,,
parastorage.com,,,
crittercism.com,,,
wixstatic.com,,,
getsitecontrol.com,,,
wixapps.net,,,
wix.com,,,
wtop.com,,,
ngtv.io,,,
claspws.tv,,,
complex.com,,,
ifunny.co,,,
suddenlink.net,,,
wordpress.com,,,
w.org,,,
opmnstr.com,,,
raspberrypi.org,,,
netdna-cdn.com,,,
intercomcdn.com,,,
vnc.com,,,
realvnc.com,,,
utexas.edu,,,
getpocket.com,,,
wordpress.org,,,
grammarly.com,,,
grammarly.io,,,
grammarlyaws.com,,,
dnsomatic.com,,,
adafruit.com,,,
criminalip.com,,,
censys.io,,,
onyphe.io,,,
raygun.io,,,
hbogo.eu,,,
sc-jpl.com,,,
yr.no,,,
wunderlist.com,,,
fdn.fr,,,
proxad.net,,,
free.fr,,,
deezer.com,,,
freebox.fr,,,
fbx-mgt.fr,,,
stackexchange.com,,,
wistia.com,,,
oracle.com,,,
ccg-lenovo.com,,,
getgreenshot.org,,,
faktor.io,,,
royalpurplebathkitchen.com,,,
edgesuite.net,,,
cddbp.net,,,
dailymotion.com,,,
dmcdn.net,,,
level3.net,,,
hockeyapp.net,,,
micpn.com,,,
taobao.com,,,
aliyuncs.com,,,
samsungsmartcam.com,,,
duosecurity.com,,,
e2ma.net,,,
xboxab.com,,,
cdngslb.com,,,
msftconnecttest.com,,,
umeng.com,,,
sectigo.com,,,
biliapi.com,,,
bilibili.com,,,
wideopenwest.com,,,
asus.com,,,
itv.com,,,
lyft.com,,,
llnw.net,,,
llnwi.net,,,
nextdoor.com,,,
espn.com,,,
shoofle.tv,,,
auditude.com,,,
starz.com,,,
aboutamazon.com,,,
winkapp.com,,,
drugfree.org,,,
7tv.de,,,
symantec.com,,,
norton.com,,,
cloudflare-dns.com,,,
symantecliveupdate.com,,,
keepa.com,,,
rbxcdn.com,,,
roblox.com,,,
bing.net,,,
glpals.com,,,
tripadvisor.com,,,
coucou-networks.fr,,,
bbc.co.uk,,,
googlehosted.com,,,
althub.co.za,,,
aylanetworks.com,,,
fastnzb.com,,,
lbdns-streamguys.com,,,
hinet.net,,,
7-eleven.com,,,
nflximg.com,,,
oui-0x00199d.com,,,
wd2go.com,,,
arloxcld.com,,,
ntp.se,,,
ancestry.com,,,
braze.com,,,
adsmoloco.com,,,
svt.se,,,
svtstatic.se,,,
oculus.com,,,
macrium.com,,,
ed.ac.uk,,,
synology.me,,,
kimsufi.com,,,
quickconnect.to,,,
hosteurope.de,,,
ltsapis.goog,,,
akacdn.co,,,
neatocloud.com,,,
synocommunity.com,,,
dtvce.com,,,
rollout.io,,,
vodafonedsl.it,,,
jetbrains.com,,,
pndsn.com,,,
steamcommunity.com,,,
anydesk.com,,,
ddns.net,,,
contabo.net,,,
your-server.de,,,
rima-tde.net,,,
contaboserver.net,,,
northghost.com,,,
no-reverse-dns-configured.com,,,
netsystemsresearch.com,,,
intrinsec.com,,,
adscore.com,,,
server-hosting.expert,,,
cloudwaysapps.com,,,
cloudedic.net,,,
vsys.host,,,
shadowserver.org,,,
shodan.io,,,
xwinnet.biz,,,
quadmetrics.com,,,
caacbook.com,,,
ovo.sc,,,
ucsd.edu,,,
threatsinkhole.com,,,
mmms.eu,,,
acsechocaptiveportal.com,,,
musicradio.com,,,
statcounter.com,,,
quicinc.com,,,
canalplus.pro,,,
tpv-analytics.com,,,
cornell.edu,,,
qualtrics.com,,,
typography.com,,,
patch.com,,,
hypemarks.com,,,
gnome.org,,,
fwupd.org,,,
rcn.net,,,
fidnet.com,,,
grafana.com,,,
utoronto.ca,,,
plumenet.io,,,
tapjoy.com,,,
deltadna.net,,,
playrix.com,,,
dev.to,,,
amazon.ca,,,
cnn.io,,,
cbsinteractive.com,,,
samsunghealth.com,,,
w-x.co,,,
bleacherreport.net,,,
imdbws.com,,,
loginradius.com,,,
outturner.com,,,
viafoura.co,,,
lrcontent.com,,,
lenovomm.com,,,
zillow.com,,,
stratoserver.net,,,
ip-pool.com,,,
24olympia.com,,,
criteo.com,,,
omnitagjs.com,,,
theguardian.com,,,
criteo.net,,,
eyeota.net,,,
betrad.com,,,
360yield.com,,,
guim.co.uk,,,
gu-web.net,,,
brandmetrics.com,,,
the-ozone-project.com,,,
stackassets.com,,,
mobimagic.com,,,
bellaliant.net,,,
quadranet.com,,,
online.no,,,
colocrossing.com,,,
dnainternet.fi,,,
dsl4u.ca,,,
sefiber.dk,,,
ifxnetworks.com,,,
utg.ge,,,
coolideas.co.za,,,
utcluj.ro,,,
s-microsoft.com,,,
meetcircle-blue.co,,,
forzamotorsport.net,,,
google.fi,,,
yle.fi,,,
myvisualiq.net,,,
samknows.com,,,
ebay.com,,,
ebaystatic.com,,,
ebayimg.com,,,
bbc.com,,,
measurement-lab.org,,,
cnn.com,,,
imdb.com,,,
quantserve.com,,,
chartbeat.com,,,
telmtp.xyz,,,
umu.se,,,
trakt.tv,,,
licdn.com,,,
ecobee.com,,,
kqed.org,,,
jwplayer.com,,,
nintendo.com,,,
yospace.com,,,
driftt.com,,,
ninjajournalist.com,,,
wsj.com,,,
noaa.gov,,,
crunchyroll.com,,,
theplatform.com,,,
nbc.com,,,
taplytics.com,,,
jdownloader.org,,,
deployads.com,,,
bazaarvoice.com,,,
art19.com,,,
contextweb.com,,,
hlserve.com,,,
dc-storm.com,,,
simplecast.com,,,
bouyguesbox.fr,,,
weborama.fr,,,
meetrics.net,,,
intuit.com,,,
tesla.services,,,
tmz.com,,,
mint.com,,,
mwbsys.com,,,
aka.ms,,,
avastbrowser.com,,,
myexternalip.com,,,
v0cdn.net,,,
getgo.com,,,
cedexis.com,,,
cedexis-radar.net,,,
perimeterx.net,,,
usebutton.com,,,
webex.com,,,
outlookmobile.com,,,
vodafone.com,,,
go.com,,,
disneyplus.com,,,
dssott.com,,,
disney-plus.net,,,
tre.se,,,
ispot.tv,,,
alphonso.tv,,,
p-cdn.us,,,
adap.tv,,,
tidaltv.com,,,
time.com,,,
podtrac.com,,,
uservoice.com,,,
ticketmaster.com,,,
on.net,,,
google.com.au,,,
216.in-addr.arpa,,,
quantcount.com,,,
waze.com,,,
list-manage.com,,,
amazonaws.com.cn,,,
redditstatic.com,,,
cuebiq.com,,,
telus.net,,,
thunderbird.net,,,
nsatc.net,,,
responsys.net,,,
adtidy.org,,,
technolutions.net,,,
telenet-ops.be,,,
pillpack.com,,,
myfitnesspal.com,,,
smaato.net,,,
not--thi-s-one.builders,,,
poneytelecom.eu,,,
verizon.net,,,
airdns.org,,,
ocn.ne.jp,,,
eu.org,,,
163data.com.cn,,,
comcastbusiness.net,,,
fibertel.com.ar,,,
kyivstar.net,,,
bbtec.net,,,
jlccptt.net.cn,,,
bbox.fr,,,
ni-co.moe,,,
avcn.us,,,
e2enetworks.net.in,,,
openbittorrent.com,,,
desync.com,,,
meetcarrot.com,,,
bizrate.com,,,
b1js.com,,,
spurtup.com,,,
choopa.net,,,
demonware.net,,,
mrporoxy.com,,,
mtproto.online,,,
colocat.ru,,,
survata.com,,,
abcotvs.net,,,
pocketcasts.com,,,
firefox.com,,,
tablotv.com,,,
kampyle.com,,,
walmart.com,,,
applvn.com,,,
turnto.com,,,
yahoodns.net,,,
aol.com,,,
scene7.com,,,
vzwwo.com,,,
walmartimages.com,,,
shoprunner.com,,,
mi.com,,,
xiaomi.com,,,
miui.com,,,
easports.com,,,
ilimnet.ru,,,
windy.com,,,
recaptcha.net,,,
zencdn.net,,,
contentstack.io,,,
bigpond.net.au,,,
p-cdn.com,,,
247sports.com,,,
letgo.com,,,
acmeaom.com,,,
tpgi.com.au,,,
aussiebb.net,,,
telstra.net,,,
vocus.net.au,,,
met.no,,,
immedia-semi.com,,,
bom.gov.au,,,
omnycontent.com,,,
omny.fm,,,
apple.news,,,
skyegloup.com,,,
denon.jp,,,
thetvdb.com,,,
telekom.at,,,
algartelecom.com.br,,,
epm.net.co,,,
etraining.co,,,
weather.gc.ca,,,
4seeresults.com,,,
siteimproveanalytics.io,,,
foresee.com,,,
scruffapp.com,,,
digitalgov.gov,,,
weather.gov,,,
atlassian.net,,,
siteimproveanalytics.com,,,
zwyr157wwiu6eior.com,,,
zdf.de,,,
ioam.de,,,
rdsnet.ro,,,
simpli.fi,,,
adition.com,,,
lgeapi.com,,,
channel5.com,,,
optusnet.com.au,,,
driverupdate.net,,,
blueconic.net,,,
realvu.net,,,
sleeknote.com,,,
cludo.com,,,
radiantmediatechs.com,,,
eset.com,,,
githubassets.com,,,
4vendeta.com,,,
cohesionapps.com,,,
kargo.com,,,
sesupdate.com,,,
economist.com,,,
sumologic.com,,,
vzw.com,,,
datadoghq.com,,,
shazam.com,,,
stackpathdns.com,,,
ua.com,,,
affec.tv,,,
test-app.link,,,
edgedatg.com,,,
freshchat.com,,,
classdojo.com,,,
hiyaapi.com,,,
samsungpositioning.com,,,
marfeel.com,,,
herokuspace.com,,,
sublink.org,,,
protonmail.ch,,,
theatlantic.com,,,
cloud-home.me,,,
nict.jp,,,
airable.io,,,
deviantart.net,,,
crazyegg.com,,,
wink.com,,,
simplisafe.com,,,
talkable.com,,,
mopinion.com,,,
entrust.net,,,
mediaset.it,,,
wuaki.tv,,,
chili.com,,,
mediaset.net,,,
baidu.com,,,
ultradns.com,,,
evernote.com,,,
crashplan.com,,,
cloudsink.net,,,
hp.com,,,
dlvr1.net,,,
photobucket.com,,,
eamobile.com,,,
mlinks.cc,,,
proxyplanet.xyz,,,
philips.com,,,
clashroyaleapp.com,,,
e-planning.net,,,
a-mo.net,,,
aws-prd.net,,,
lgtvcommon.com,,,
audiomack.com,,,
fox.com,,,
foxdcg.com,,,
stack-sonar.com,,,
bidr.io,,,
voicefive.com,,,
videohub.tv,,,
nodesource.com,,,
getpublica.com,,,
foxbusiness.com,,,
tannerryan.ca,,,
infomaniak.ch,,,
abcnews.com,,,
totsuko.tv,,,
samsungdm.com,,,
t-mobile.com,,,
life360.com,,,
tmocce.com,,,
keywee.co,,,
texthelp.com,,,
thewirecutter.com,,,
onlineman.top,,,
bigcommerce.com,,,
pinimg.com,,,
nianticlabs.com,,,
onelouder.com,,,
jwpcdn.com,,,
wfxtriggers.com,,,
comporium.net,,,
flashtalking.com,,,
extremereach.com,,,
ford.com,,,
whitehouse.gov,,,
gm.com,,,
centrastage.net,,,
samplicio.us,,,
bethesda.net,,,
serving-sys.com,,,
pscdn.co,,,
ghool.xyz,,,
admedo.com,,,
adx1.com,,,
rhdemo.io,,,
mi-img.com,,,
tedcdn.com,,,
msgamestudios.com,,,
stubhub.com,,,
defensia.co.il,,,
nelreports.net,,,
atwola.com,,,
thetacdn.net,,,
operacdn.com,,,
safebrowsing.apple,,,
tmsimg.com,,,
lge.com,,,
xumo.com,,,
dishanywhere.com,,,
echostarbeta.com,,,
digitalsmiths.net,,,
dishnetwork.com,,,
dishaccess.tv,,,
echostarprod.com,,,
digiteka.net,,,
sleepnumber.com,,,
dictionary.com,,,
zoom.us,,,
fetchsport.com,,,
drivepedia.com,,,
ovrc.com,,,
voo.be,,,
amplifyapp.com,,,
reloadedtech.com,,,
onkyo.com,,,
service-now.com,,,
ibm.com,,,
awsdns-22.org,,,
awsdns-19.co.uk,,,
googlefiber.net,,,
frontiernet.net,,,
bhn.net,,,
spectrum.com,,,
remotewd.com,,,
windstream.net,,,
centurylink.net,,,
knology.net,,,
bellmts.net,,,
cgocable.net,,,
tds.net,,,
grandenetworks.net,,,
bresnan.net,,,
sparklight.net,,,
consolidated.net,,,
vyvebroadband.net,,,
spacemonkey.com,,,
incapdns.net,,,
force.com,,,
zeotap.com,,,
salesforceliveagent.com,,,
yandex.ru,,,
abine.com,,,
springserve.com,,,
fanduel.com,,,
pubnub.com,,,
thedesignpeople.net,,,
airtel.net,,,
anycast.net,,,
logitech.com,,,
symcb.com,,,
epsiloncdn.net,,,
testmynids.org,,,
ionos.com,,,
bitnodes.io,,,
malwarebytes.com,,,
glasswire.com,,,
mb-internal.com,,,
nos-avg.cz,,,
avira.com,,,
upc.ie,,,
fireoscaptiveportal.com,,,
slack-edge.com,,,
robinhood.com,,,
dpreview.com,,,
whatsapp.com,,,
sophosxl.net,,,
sophosupd.com,,,
inboxsdk.com,,,
eff.org,,,
mega.co.nz,,,
arstechnica.com,,,
packagecloud.io,,,
rkdms.com,,,
skimresources.com,,,
parsely.com,,,
servebom.com,,,
narrativ.com,,,
cachefly.net,,,
admission.net,,,
hubitat.com,,,
keybaseapi.com,,,
celtra.com,,,
nknlabs.io,,,
name-servers.ch,,,
man---dns-main.city,,,
wanadoo.fr,,,
binaryedge.ninja,,,
exposuremonitoring.in,,,
my3cx.fr,,,
netatmo.net,,,
openweathermap.org,,,
ampereinnotech.com,,,
alipay.com,,,
alibabadns.com,,,
alicdn.com,,,
creativecdn.com,,,
smartadserver.com,,,
alibaba.com,,,
gemius.pl,,,
useinsider.com,,,
entouch.net,,,
mysqueezebox.com,,,
udemy.com,,,
amazonpmi.com,,,
canonical.com,,,
sjtu.edu.cn,,,
myqnapcloud.com,,,
wbroadband.net.au,,,
edis.at,,,
vidazoo.com,,,
smile.io,,,
adguard.com,,,
inspectlet.com,,,
disconnect.me,,,
hosts-file.net,,,
waqi.info,,,
pollen.com,,,
mtdd.tk,,,
nwsvr2.com,,,
amazon.it,,,
wetransfer.net,,,
adhigh.net,,,
ebayrtm.com,,,
systemcdn.net,,,
streamguys1.com,,,
rlje.net,,,
ccleaner.com,,,
kanopy.com,,,
tubi.io,,,
hsforms.net,,,
stackoverflow.com,,,
hsforms.com,,,
exacttarget.com,,,
returnpath.net,,,
embedly.com,,,
aaxads.com,,,
radarr.video,,,
paloaltonetworks.com,,,
utwente.nl,,,
ntl.com,,,
attribution.report,,,
pixsrvcs.com,,,
taboola.com,,,
guardianapis.com,,,
moatpixel.com,,,
washingtonpost.com,,,
tagsrvcs.com,,,
browsiprod.com,,,
webmd.com,,,
mashable.com,,,
arc.pub,,,
zopim.com,,,
zendesk.com,,,
1password.com,,,
mktoresp.com,,,
marketwatch.com,,,
flexibits.com,,,
1password.ca,,,
hover.com,,,
backblazeb2.com,,,
networking.apple,,,
page.link,,,
waipu.tv,,,
bitmovin.com,,,
wpstr.tv,,,
split.io,,,
sfr.net,,,
dal.ca,,,
dotsrc.org,,,
wearetriple.com,,,
nluug.nl,,,
subscene.com,,,
byteoversea.com,,,
gotinder.com,,,
kxcdn.com,,,
hpeprint.com,,,
dognzb.cr,,,
here.com,,,
breezein.net,,,
bahnhof.se,,,
dbankcdn.com,,,
adikteev.com,,,
cam.ac.uk,,,
google.co.nz,,,
spiderspace.co.uk,,,
chickenkiller.com,,,
pushwoosh.com,,,
netatmo.com,,,
bingapis.com,,,
clearleap.com,,,
hbonordic.com,,,
dell.com,,,
wsglb0.com,,,
zhihu.com,,,
qpic.cn,,,
qlogo.cn,,,
shifen.com,,,
jomodns.com,,,
cdntip.com,,,
blizzard.com,,,
logitech.io,,,
battle.net,,,
logi.com,,,
wustl.edu,,,
stanford.edu,,,
uwaterloo.ca,,,
rit.edu,,,
globalsign.com,,,
metu.edu.tr,,,
uni-bonn.de,,,
usertrust.com,,,
comodoca.com,,,
dfn.de,,,
mathjax.org,,,
appcloudbox.net,,,
twilio.com,,,
feralhosting.com,,,
telegram.org,,,
hvvc.us,,,
ui.com,,,
1337x.to,,,
resilio.com,,,
digitaloceanspaces.com,,,
themoviedb.org,,,
npmjs.org,,,
aeonlucid.com,,,
cinemaz.to,,,
wsj.net,,,
plesk.page,,,
giraffic.com,,,
yandex.com,,,
aliexpress.com,,,
ssacdn.com,,,
mail.ru,,,
adsniper.ru,,,
tbcache.com,,,
vk.com,,,
yastatic.net,,,
i3d.net,,,
m1-msedge.net,,,
weatherbug.net,,,
good.com,,,
numericable.net,,,
imgix.net,,,
bitdefender.net,,,
pigeonhole.at,,,
lynda.com,,,
bitcoinstats.com,,,
dashdot.io,,,
bluematt.me,,,
dashjr.org,,,
emzy.de,,,
nba.com,,,
paradoxplaza.com,,,
drift.com,,,
wbx2.com,,,
ciscospark.com,,,
dashlane.com,,,
appcues.net,,,
treasuredata.com,,,
mobilityware.com,,,
sr.se,,,
a-msedge.net,,,
alphavantage.co,,,
samsungyosemite.com,,,
octoprint.org,,,
opentlc.com,,,
gliptv.com,,,
embed.ly,,,
pcloud.com,,,
azulsystems.com,,,
myfritz.net,,,
meross.com,,,
tado.com,,,
mycloud.com,,,
spreaker.com,,,
slb.com,,,
get.no,,,
williamhill.com,,,
oo-syringe.com,,,
shopbop.com,,,
discordapp.net,,,
snapads.com,,,
sc-prod.net,,,
jwpsrv.com,,,
telenor.rs,,,
thawte.com,,,
kaltura.com,,,
streamguys.com,,,
as9105.net,,,
adnexus.net,,,
kabelnet.net,,,
coolkit.cc,,,
marantz.info,,,
univ-lyon1.fr,,,
southwestairlines.com,,,
livebarn.com,,,
weekendpartycancel5.com,,,
1-voip.com,,,
telecomitalia.it,,,
usgovcloudapp.net,,,
carrier.com,,,
ooma.com,,,
fibreop.ca,,,
blisspointmedia.com,,,
sonic.net,,,
root-servers.net,,,
gtld-servers.net,,,
xirvik.com,,,
afilias-nst.org,,,
mtu.edu,,,
msft.net,,,
afilias-nst.info,,,
rogers.com,,,
distributel.net,,,
stephenparker.co.uk,,,
dyndns.org,,,
hostgator.ro,,,
https-rulesets.org,,,
sony.com,,,
above.net,,,
ucar.edu,,,
navy.mil,,,
comloginc.net,,,
symmetricom.com,,,
jio.com,,,
weathercn.com,,,
espn.net,,,
howstuffworks.com,,,
radio-canada.ca,,,
ss2.us,,,
uiowa.edu,,,
siriusxm.com,,,
theconversation.com,,,
apptentive.com,,,
prxu.org,,,
seamless.com,,,
wnyc.org,,,
sky.com,,,
nowtv.com,,,
wikibuy.com,,,
swedish-academy.org,,,
hrzn-nxt.com,,,
s-msn.com,,,
trustwave.com,,,
netweaver.uk,,,
ntp.br,,,
libsyn.com,,,
rings.solutions,,,
redbend.com,,,
mios.com,,,
amazon.fr,,,
firefoxusercontent.com,,,
amazon.es,,,
malwaredomains.com,,,
bannersnack.com,,,
sony-asia.com,,,
wtnet.de,,,
tng.de,,,
vsm.sh,,,
ooklaserver.net,,,
stocard-backend.com,,,
stocard.de,,,
doodle.com,,,
cardiogr.am,,,
88-f.net,,,
evehome.com,,,
web.de,,,
amazon.eu,,,
chime.aws,,,
nai.com,,,
travelfuntu.com,,,
cookielaw.org,,,
ugdturner.com,,,
flightcdn.com,,,
nordcdn.com,,,
creativecommons.org,,,
ltlxvxjjmvhn.me,,,
epgsky.com,,,
advertising.com,,,
w55c.net,,,
turn.com,,,
linksynergy.com,,,
fossmint.com,,,
sync.com,,,
eloqua.com,,,
line-scdn.net,,,
naver.jp,,,
lithium.com,,,
rackcdn.com,,,
wayfair.com,,,
bluecore.com,,,
res-x.com,,,
gimbal.com,,,
tripit.com,,,
myfoscam.org,,,
blueirissoftware.com,,,
freshdesk.com,,,
fuse.net,,,
spcsdns.net,,,
lutron.com,,,
xively.com,,,
megirl.com,,,
trutri.org,,,
ft.lk,,,
ada.lk,,,
ringtonematcher.com,,,
alienvault.com,,,
midco.net,,,
adthrive.com,,,
userreport.com,,,
steepto.com,,,
jivosite.com,,,
tipsy.coffee,,,
ip-158-69-27.net,,,
xiaomi.net,,,
youversionapi.com,,,
mipcm.com,,,
amazon.in,,,
eastlink.ca,,,
thescore.com,,,
aws-thinq-prd.net,,,
wowrack.com,,,
he.net,,,
tradingview.com,,,
ip-192-99-4.net,,,
smartclip.net,,,
hotjar.io,,,
arte.tv,,,
herokuappdev.com,,,
redbutton.de,,,
theadex.com,,,
ard.de,,,
kpn.com,,,
signify.com,,,
philips-hue.com,,,
splkmobile.com,,,
xwemo.com,,,
naver.com,,,
tiktokv.com,,,
kornet.net,,,
druva.com,,,
517-70.xyz,,,
wiz.world,,,
ip-158-69-252.net,,,
ip-147-135-36.us,,,
webrootanywhere.com,,,
mitm.it,,,
fos5echocaptiveportal.com,,,
arlo.com,,,
brilliant.tech,,,
sail-horizon.com,,,
ladsp.com,,,
rmtag.com,,,
selectablemedia.com,,,
hdwitness.com,,,
addthis.com,,,
parrable.com,,,
marketo.net,,,
apple-cloudkit.com,,,
decibelinsight.net,,,
atlassian.com,,,
qualys.com,,,
atl-paas.net,,,
heapanalytics.com,,,
walkme.com,,,
box.com,,,
box.net,,,
geoedge.be,,,
arcgis.com,,,
piriform.com,,,
supersonic.com,,,
washpost.io,,,
tvadsync.com,,,
gulfcanvas.com,,,
webcontentassessor.com,,,
cinematerial.com,,,
rpxnow.com,,,
samqaicongen.com,,,
ukrtel.net,,,
entelpcs.cl,,,
isappcloud.com,,,
snappea.com,,,
zen.net.uk,,,
2cnt.net,,,
gameanalytics.com,,,
emxdgt.com,,,
vertamedia.com,,,
vindicosuite.com,,,
streamrail.net,,,
trackscale.net,,,
dynamicnetworkservices.net,,,
dynect.net,,,
spiceworks.com,,,
domaincontrol.com,,,
awsdns-57.com,,,
awsdns-19.com,,,
awsdns-04.org,,,
awsdns-07.net,,,
awsdns-37.com,,,
awsdns-29.org,,,
awsdns-13.net,,,
cast4.audio,,,
pusherapp.com,,,
smhi.se,,,
getdrip.com,,,
phoscon.de,,,
videotron.ca,,,
tp-link.com,,,
mob.com,,,
fongo.com,,,
onetrust.com,,,
godaddy.com,,,
jpush.cn,,,
fbpigeon.com,,,
aliyun.com,,,
viafoura.net,,,
tapjoyads.com,,,
nordstrom.com,,,
exct.net,,,
youview.tv,,,
todoist.com,,,
at-o.net,,,
cqloud.com,,,
rollbar.com,,,
smartcasttv.com,,,
nasa.gov,,,
usersnap.com,,,
worldtravelling.com,,,
awsstatic.com,,,
atdmt.com,,,
ninthdecimal.com,,,
1and1.com,,,
getmysa.com,,,
nortoncdn.com,,,
ipinfo.io,,,
corio.com,,,
merriam-webster.com,,,
lenovo.com,,,
ip-37-187-113.eu,,,
audioscrobbler.com,,,
tu-berlin.de,,,
thethings.network,,,
onelink.me,,,
hanbang.org.cn,,,
chinamobile.com,,,
adsl-pool.sx.cn,,,
chinaunicom.com,,,
ctm.net,,,
ctinets.com,,,
ddnsfree.com,,,
f3322.org,,,
ablenetvps.ne.jp,,,
mmstat.com,,,
sogou.com,,,
as43234.net,,,
cmds-tachyon.com,,,
usabilla.com,,,
truste-svc.net,,,
lametric.com,,,
cquotient.com,,,
rakuten.com,,,
oath.cloud,,,
media6degrees.com,,,
inside-graph.com,,,
bitwarden.com,,,
sweettooth.io,,,
auvik.com,,,
leaseweb.com,,,
wo-cloud.com,,,
youborafds01.com,,,
ntp.org.cn,,,
tableau.com,,,
telefonica.net,,,
abtasty.com,,,
videoplaza.tv,,,
media-lab.ai,,,
emisiondof6.com,,,
telefonica.com,,,
dof6.com,,,
lifx.com,,,
lifx.co,,,
114dns.com,,,
snssdk.com,,,
pstatp.com,,,
cloudlinks.cn,,,
alidns.com,,,
jivox.com,,,
worxlandroid.com,,,
m.me,,,
messenger.com,,,
youtu.be,,,
fb.gg,,,
withings.net,,,
answerscloud.com,,,
dropboxusercontent.com,,,
luminati.io,,,
luminatinet.com,,,
bfmio.com,,,
hola.org,,,
lum-superproxy.io,,,
axs.com,,,
123freecell.com,,,
ignorelist.com,,,
clmbtech.com,,,
adgear.com,,,
webrootcloudav.com,,,
powerbi.com,,,
sssnet.com,,,
beam.pro,,,
audioeye.com,,,
highwebmedia.com,,,
pub-tmaws.io,,,
safebee.com,,,
basis.net,,,
salecycle.com,,,
dzcdn.net,,,
2i3.net,,,
dellsupportcenter.com,,,
amcrestcloud.com,,,
amcrestview.com,,,
amcrestsecurity.com,,,
usbla.net,,,
arin.net,,,
in-addr-servers.arpa,,,
idrive.com,,,
ibackup.com,,,
leanstream-hq.com,,,
ip-api.com,,,
edgecastdns.net,,,
readdle.com,,,
obihai.com,,,
obitalk.com,,,
136.in-addr.arpa,,,
mycingular.net,,,
ericashome.com,,,
premiumize.me,,,
krypt.com,,,
nzbgeek.info,,,
vesync.com,,,
ngxcld.com,,,
myhomescreen.tv,,,
getyourguide.com,,,
doub.ly,,,
optonline.net,,,
readcube.com,,,
nrk.no,,,
accedo.tv,,,
tns-cs.net,,,
zoominternet.net,,,
appboy-images.com,,,
ign.com,,,
twitchsvc.net,,,
maas.global,,,
influxdata.com,,,
sensibo.com,,,
untappd.com,,,
dedicatedpanel.com,,,
swypeconnect.com,,,
yetwp.com,,,
smartnews.com,,,
moviesanywhere.com,,,
quickconnect.cn,,,
tenjin.io,,,
com.ru,,,
kpn.net,,,
nstorage.org,,,
caiway.nl,,,
tequilaboomboom.club,,,
edolphin.site,,,
icn.ua,,,
mts-chita.ru,,,
telmtproto.club,,,
wellhosted.ch,,,
aspadmin.net,,,
steadfastdns.net,,,
research.com,,,
group-ib.com,,,
warezwaldo.org,,,
ip-54-36-110.eu,,,
lazerpenguin.com,,,
ftp.sh,,,
torrentapi.org,,,
eztv.io,,,
eztv.ag,,,
limetorrents.info,,,
zooqle.com,,,
thepiratebay.org,,,
hypixel.net,,,
syncthing.net,,,
avistaz.to,,,
athom.com,,,
ip-192-99-14.net,,,
clipperoint.com,,,
t-ipconnect.de,,,
privacy-center.org,,,
verisign.com,,,
gotomeeting.com,,,
expertcity.com,,,
symcd.com,,,
foxitsoftware.com,,,
corusappservices.com,,,
globaltv.com,,,
ddns3-instar.de,,,
xnet.ro,,,
rovicorp.com,,,
airbnb.com,,,
privacymanager.io,,,
umbrella.com,,,
assoc-amazon.com,,,
forgesvc.net,,,
craigslist.org,,,
linksys.com,,,
klaviyo.com,,,
byteoversea.net,,,
trendmicro.com,,,
ryanair.com,,,
pi-charter.net,,,
irdeto.com,,,
dropboxstatic.com,,,
cdnjquery.com,,,
bamlabs.com,,,
aptible.in,,,
lankadeepa.lk,,,
opera.software,,,
dmxleo.com,,,
bmo.com,,,
livesegmentservice.com,,,
actcorp.in,,,
telesp.net.br,,,
wi-power.com,,,
megalinkcorp.com.br,,,
itans.com.br,,,
etapanet.net,,,
imsbiz.com,,,
maisnet.srv.br,,,
nastech.bg,,,
dg-w.de,,,
cecollect.com,,,
datapacket.com,,,
epsonconnect.com,,,
playfabapi.com,,,
inq.com,,,
schoolwires.com,,,
userzoom.com,,,
ups.com,,,
myzmodo.com,,,
imgbox.com,,,
bilsyndication.com,,,
udmserve.net,,,
histats.com,,,
adform.net,,,
dca0.com,,,
lqm.io,,,
ttnet.com.tr,,,
spd-mgts.ru,,,
serverprofi24.com,,,
xkcd.com,,,
perfectmarket.com,,,
opecloud.com,,,
pppoe.ca,,,
amazon.com.mx,,,
usgs.gov,,,
amazon.com.br,,,
mopidy.com,,,
squarespace.com,,,
me.me,,,
herokudns.com,,,
akadns6.net,,,
elliemae.io,,,
alarm.com,,,
devicetask.com,,,
mega.nz,,,
openload.co,,,
titlovi.com,,,
xiti.com,,,
cellular.de,,,
shawcable.net,,,
alphacdn.net,,,
hik-connect.com,,,
ezvizlife.com,,,
zdbb.net,,,
dc-1.net,,,
inner-active.mobi,,,
swiftkey.com,,,
adnxs.net,,,
fastlylb.net,,,
spiegel.de,,,
cdn77.com,,,
discord.media,,,
discord.com,,,
reson8.com,,,
leadpages.io,,,
lpages.co,,,
vilynx.com,,,
makeuseof.com,,,
xbox.com,,,
hwcdn.net,,,
eeroup.com,,,
e2ro.com,,,
bwbx.io,,,
raiplay.it,,,
roksit.net,,,
edigitalsurvey.com,,,
nibeuplink.com,,,
chirpbooks.com,,,
control4.com,,,
m2.ai,,,
gettyimages.com,,,
arstechnica.net,,,
iesnare.com,,,
videoplayerhub.com,,,
netnod.se,,,
polycom.com,,,
flashdance.cx,,,
fibianet.dk,,,
dscloud.biz,,,
logmeininc.com,,,
wia.cz,,,
directwebhost.org,,,
cphub.net,,,
cloud-xip.io,,,
scarabresearch.com,,,
pandasecurity.com,,,
gcdn.co,,,
goto-rtc.com,,,
ptd.net,,,
getpostman.com,,,
eye4.cn,,,
blokada.org,,,
fyu.se,,,
abcd.network,,,
netflixdnstest3.com,,,
servenobid.com,,,
afterpay.com,,,
auth0.com,,,
snopes.com,,,
adtpulse.com,,,
fast.com,,,
17track.net,,,
aerisapi.com,,,
artlogic.com,,,
truoptik.com,,,
ml314.com,,,
macpaw.com,,,
shortpixel.ai,,,
tencent.com,,,
popin.cc,,,
bdimg.com,,,
dynamicyield.com,,,
queue-it.net,,,
psychz.net,,,
ip-192-99-7.net,,,
apusapps.com,,,
invokedapps.com,,,
chaturbate.com,,,
exoticads.com,,,
wish.com,,,
adzerk.net,,,
papertrailapp.com,,,
marketingautomation.services,,,
trustpilot.com,,,
samsungknowledge.com,,,
healthgrades.com,,,
overkiz.com,,,
nanoleaf.me,,,
odaconline.com,,,
quantcast.com,,,
nanorep.co,,,
vrv.co,,,
oraclecloud.net,,,
qualaroo.com,,,
coinbase.com,,,
leboncoin.fr,,,
schibsted.io,,,
avis-verifies.com,,,
orange.com,,,
algolia.net,,,
hs-scripts.com,,,
wikihow.com,,,
hsappstatic.net,,,
usemessages.com,,,
bfmtv.com,,,
nettvservices.com,,,
zeasn.tv,,,
tagcommander.com,,,
newegg.com,,,
kaspersky-labs.com,,,
kaspersky.com,,,
rach.io,,,
nightowldvr.com,,,
tawk.to,,,
lemde.fr,,,
pocket-image-cache.com,,,
cluep.com,,,
spotad.co,,,
vrvm.com,,,
rncdn7.com,,,
devshift.org,,,
frontiernetworks.ca,,,
web4net.org,,,
sskru.ac.th,,,
kas-labs.com,,,
groupme.com,,,
panasonic.com,,,
hgtv.com,,,
pypi.org,,,
dlvr.it,,,
autofi.com,,,
zenkube.com,,,
wtxcdn.com,,,
zentrick.com,,,
quantummetric.com,,,
adspsp.com,,,
l-msedge.net,,,
surfshark.com,,,
alltrails.com,,,
elta.com.tw,,,
appbaqend.com,,,
vodafone-ip.de,,,
xtracloud.net,,,
buchholz-digital.de,,,
rupertok.su,,,
siftscience.com,,,
ziffdavis.com,,,
bahnhof.net,,,
vmware.com,,,
edstem.org,,,
gpsonextra.net,,,
contentabc.com,,,
juicer.io,,,
p2e.io,,,
usshc.com,,,
sunpowermonitor.com,,,
cardgamesolitaire.com,,,
cedexis-test.com,,,
elizabethwarren.com,,,
pagekite.net,,,
b5p.us,,,
mydrobo.com,,,
secu100.net,,,
xmeye.net,,,
ckt.net,,,
mynet.it,,,
chartboost.com,,,
sc-gw.com,,,
airtelbroadband.in,,,
foxneodigital.com,,,
vivaldi.com,,,
soletechnology.com,,,
puregig.net,,,
protect-your-privacy.net,,,
bonzapuzzles.com,,,
ljusnet.se,,,
ogury.io,,,
bugherd.com,,,
ivaws.com,,,
basicattentiontoken.org,,,
voip.ms,,,
isnssdk.com,,,
daily-choices.com,,,
ustc.edu.cn,,,
amap.com,,,
alikunlun.com,,,
error.arpa,,,
fsapi.com,,,
f-secure.com,,,
vonage.com,,,
xdsl.is,,,
xplornet.com,,,
beachfrontmedia.com,,,
associates-amazon.com,,,
schoology.com,,,
uber.com,,,
latchaccess.com,,,
raumfeld.com,,,
unrulymedia.com,,,
teads.tv,,,
telia.com,,,
dnsnode.net,,,
myiphost.com,,,
afraid.org,,,
aviationweather.gov,,,
fastwebnet.it,,,
vodafone.pt,,,
comunitel.net,,,
tpnet.pl,,,
anteldata.net.uy,,,
etb.net.co,,,
dedyn.io,,,
myrepublic.co.id,,,
jon.cz,,,
gemnet.cz,,,
go2cloud.org,,,
ypncdn.com,,,
amazon.cn,,,
airbnb.it,,,
airbnb.com.tw,,,
yelp.pt,,,
yelp.co.jp,,,
yelp.com.tr,,,
airbnb.cz,,,
yelp.de,,,
yelp.co.nz,,,
amazonses.com,,,
autodesk.com,,,
appsee.com,,,
accountkit.com,,,
mtg-api.com,,,
spark.io,,,
particle.io,,,
connman.net,,,
cloudflarebolt.com,,,
ycombinator.com,,,
strava.com,,,
contobox.com,,,
distiltag.com,,,
wordplays.com,,,
sailthru.com,,,
venmo.com,,,
unbounce.com,,,
ipstatp.com,,,
consumerreports.org,,,
airpr.com,,,
svc.ms,,,
adobeprimetime.com,,,
torproject.org,,,
superhuman.com,,,
ip-192-99-15.net,,,
quantumdex.io,,,
axiscam.net,,,
fandom.com,,,
wikia.com,,,
molotov.tv,,,
telemach.net,,,
inbake.com,,,
arcpublishing.com,,,
ctfassets.net,,,
usa-streams.com,,,
shopify.com,,,
postrelease.com,,,
houzz.com,,,
bgr.com,,,
expressapisv2.net,,,
your.org,,,
start.ca,,,
hearstapps.com,,,
gigya.com,,,
tele2.se,,,
mql5.com,,,
ntv.io,,,
hybrid.ai,,,
wootric.com,,,
mixmarket.biz,,,
delta.com,,,
vonagenetworks.net,,,
dgosvc.com,,,
myshopapps.com,,,
logentries.com,,,
xiaoyi.com,,,
proofpoint.com,,,
desire2learn.com,,,
online-metrix.net,,,
ezoic.net,,,
dishtech.us,,,
pearson.com,,,
eemanager.net,,,
rcncustomer.com,,,
ip-51-91-212.eu,,,
wdc.com,,,
jumpdesktop.com,,,
ubianet.com,,,
homeassurednow.com,,,
ip-192-99-160.net,,,
teslamotors.com,,,
slacker.com,,,
slkimg.com,,,
spotxcdn.com,,,
dvtps.com,,,
b17g.net,,,
foursquare.com,,,
mgid.com,,,
businessinsider.com,,,
canal-plus.com,,,
canalplus-cdn.net,,,
hispeed.ch,,,
ono.com,,,
jazztel.es,,,
bezeqint.net,,,
lynet.no,,,
adslplus.ch,,,
grafana.org,,,
evwi.net,,,
jwpltx.com,,,
c-wss.com,,,
c-ij.com,,,
conductrics.com,,,
vtr.net,,,
medium.com,,,
squeezenetwork.com,,,
squeezecommunity.org,,,
uci.edu,,,
switchnap.com,,,
unpkg.com,,,
gotdns.ch,,,
ripe.net,,,
backplanedns.org,,,
muscache.com,,,
debian.org,,,
persgroep.cloud,,,
polarcdn-pentos.com,,,
lijit.com,,,
justpremium.com,,,
cxense.com,,,
smartocto.com,,,
adhese.com,,,
outbrain.org,,,
pushengage.com,,,
adsymptotic.com,,,
retailmenot.com,,,
ifood.tv,,,
lgthinq.com,,,
hom.ee,,,
adsco.re,,,
ak-is2.net,,,
amung.us,,,
geotrust.com,,,
simpliftsbefore.info,,,
garmin.com,,,
worldstream.nl,,,
emby.media,,,
planeta.tc,,,
xmsecu.com,,,
igexin.com,,,
lovestv.es,,,
jamfcloud.com,,,
trello.com,,,
vungle.com,,,
homedepot.com,,,
homedepot-static.com,,,
sunrise-sunset.org,,,
etsy.com,,,
bnc.lt,,,
dwin1.com,,,
kissmetrics.com,,,
paessler.com,,,
hubspot.net,,,
amazon.sa,,,
siol.net,,,
singular.net,,,
cartocdn.com,,,
dvrlists.com,,,
yamaha.com,,,
telus.com,,,
axia.com,,,
grouponcdn.com,,,
iinet.net.au,,,
mynetname.net,,,
liquidtelecom.net,,,
s-onetag.com,,,
tynt.com,,,
liadm.com,,,
onaudience.com,,,
dtscdn.com,,,
riskified.com,,,
signifyd.com,,,
itech.ru,,,
mobisystems.com,,,
zdnet.com,,,
lifehacker.com,,,
engadget.com,,,
feedly.com,,,
slashdot.org,,,
gog.com,,,
fedex.com,,,
bbc.net.uk,,,
boardingarea.com,,,
cnode.io,,,
escdn.co,,,
titnked.net,,,
usenet-crawler.com,,,
google.co.za,,,
b-cdn.net,,,
streamable.com,,,
unimelb.edu.au,,,
nctu.edu.tw,,,
wxug.com,,,
huffpost.com,,,
no-ip.com,,,
pressablecdn.com,,,
campus-rv.net,,,
shopifycloud.com,,,
uptimerobot.com,,,
launtel.net.au,,,
commbank.com.au,,,
citymapper.com,,,
splitwise.com,,,
mchsi.com,,,
wargaming.net,,,
kbronet.com.tw,,,
home.ne.jp,,,
telenor.se,,,
la.net.ua,,,
digikabel.hu,,,
telekom.hu,,,
amplia.co.tt,,,
privacy.network,,,
cloudmobi.net,,,
libreelec.tv,,,
envisacor.com,,,
brivity.com,,,
hubapi.com,,,
hsadspixel.net,,,
hsleadflows.net,,,
netvigator.com,,,
real-debrid.com,,,
google.pt,,,
gismeteo.ru,,,
ladmedia.fr,,,
wonderpush.com,,,
fonts.net,,,
discourse-cdn.com,,,
ambientweather.net,,,
thetake.com,,,
shopifycdn.com,,,
stamped.io,,,
inet.fi,,,
myicomfort.com,,,
omegacdn.net,,,
psicdn.net,,,
epson.net,,,
express.co.uk,,,
b2c.com,,,
torrenti.al,,,
nuki.io,,,
bldrdoc.gov,,,
nuri.net,,,
cmcore.com,,,
akahost.net,,,
whatbox.ca,,,
rapidssl.com,,,
kalay.net.cn,,,
protonvpn.com,,,
startpage.com,,,
apsalar.com,,,
latt.net,,,
apple-studies.com,,,
shelly.cloud,,,
brightspace.com,,,
cambrium.nl,,,
t-online.de,,,
azure-devices.net,,,
warthunder.com,,,
macrumors.com,,,
ct.co.cr,,,
laposte.net,,,
effectivemeasure.net,,,
myfox.io,,,
cv.net,,,
dowjoneson.com,,,
9to5mac.com,,,
volia.net,,,
snap.net.nz,,,
mytotalconnectcomfort.com,,,
astar.mobi,,,
webredirect.org,,,
caesar.bet,,,
verisure.com,,,
podbean.com,,,
ip-94-23-201.eu,,,
onthe.io,,,
teksavvy.com,,,
exetel.com.au,,,
ziggo.nl,,,
planet.nl,,,
telfort.nl,,,
alshamil.net.ae,,,
kuzbass.net,,,
mycomspan.com,,,
squirt.org,,,
gitlab.io,,,
dartsearch.net,,,
tinder.com,,,
myfairpoint.net,,,
telldus.com,,,
service.gov.uk,,,
tenor.com,,,
fetchtv.com.au,,,
cedexis.net,,,
libbyapp.com,,,
sol.az,,,
ebillsoft.net,,,
leaseweb.net,,,
kashra-server.com,,,
virginmedia.com,,,
v2cdn.net,,,
orange.fr,,,
samsungcloudprint.com,,,
familyds.com,,,
ispyconnect.com,,,
huawei.com,,,
pvoutput.org,,,
supercell.net,,,
clashroyale.com,,,
coolkit.cn,,,
southwest.com,,,
cisco.com,,,
olark.com,,,
btguard.com,,,
dyndns-ip.com,,,
pushnami.com,,,
teliacarrier.com,,,
idevicesinc.com,,,
dmdsdp.com,,,
avm.de,,,
unsplash.com,,,
bgchprod.info,,,
insteon.com,,,
rainforestautomation.com,,,
sonarr.tv,,,
cablesurf.de,,,
magichue.net,,,
bang-olufsen.com,,,
reliablehosting.com,,,
strongconnectivity.com,,,
wirelesscar.net,,,
ubc.ca,,,
plus.net,,,
riksnet.se,,,
vtuner.com,,,
cpx.to,,,
isc.org,,,
shalltry.com,,,
livejasmin.com,,,
xnxx-cdn.com,,,
xnxx.com,,,
exosrv.com,,,
exoclick.com,,,
kunlunca.com,,,
mozgcp.net,,,
pinterest.co.uk,,,
connatix.com,,,
tubemogul.com,,,
dianomi.com,,,
moengage.com,,,
wuwuquj.com,,,
n1272adserv.xyz,,,
cintnetworks.com,,,
visualwebsiteoptimizer.com,,,
rdtcdn.com,,,
overcast.fm,,,
wavecable.com,,,
nrc.ca,,,
contentful.com,,,
nynex.de,,,
adj.st,,,
liftoff.io,,,
immobilienscout24.de,,,
ntt.net,,,
gravityrd-services.com,,,
upm.es,,,
worldation.com,,,
nike.com,,,
6sc.co,,,
bloomberg.com,,,
us.to,,,
cloudflareclient.com,,,
zaonce.net,,,
mitene.us,,,
intentiq.com,,,
abc7news.com,,,
amazon.dev,,,
spotifycdn.com,,,
newsy.com,,,
aws.dev,,,
ubembed.com,,,
privacy-mgmt.com,,,
infojobs.com,,,
divx.com,,,
vonage.net,,,
sharethru.com,,,
acexedge.com,,,
kazfv.com,,,
ecorebates.com,,,
science-a2z.com,,,
jampp.com,,,
dailymirror.lk,,,
unity-media.net,,,
awsapps.com,,,
joyn.de,,,
netvision.net.il,,,
162.in-addr.arpa,,,
149.in-addr.arpa,,,
steamcontent.com,,,
acrobat.com,,,
ad-delivery.net,,,
emogi.com,,,
si.com,,,
adtechus.com,,,
meetu.ps,,,
echostarcdn.com,,,
sailinglabapps.com,,,
nielsendigital.net,,,
pointmediatracker.com,,,
lifesizecloud.com,,,
dotomi.com,,,
ieee.org,,,
tinyco.com,,,
tryinvision.com,,,
whio.com,,,
activemetering.com,,,
cardgamespidersolitaire.com,,,
nbcuni.com,,,
xcal.tv,,,
peacocktv.com,,,
auspost.com.au,,,
celtra-test.com,,,
airtv.net,,,
ardmediathek.de,,,
lci.fr,,,
minecraft.net,,,
zdassets.com,,,
cubecraft.net,,,
hivebedrock.network,,,
lbsg.net,,,
inpvp.net,,,
mineplex.com,,,
klarnaservices.com,,,
jamloop.com,,,
uktvapi.co.uk,,,
atomtickets.com,,,
virtru.com,,,
wt-eu02.net,,,
cloudns.asia,,,
meredithcorp.io,,,
cnbc.com,,,
cnbcfm.com,,,
oceandraw.com,,,
sctv.ch,,,
cloudnow.gg,,,
mb3admin.com,,,
1234pro.xyz,,,
kataweb.it,,,
trustedform.com,,,
t-2.net,,,
tiktok.com,,,
berkeley.edu,,,
cyberghostvpn.com,,,
wistia.net,,,
bluemix.net,,,
dslavangard.ru,,,
secureserver.net,,,
jst586.com,,,
xueshine.com,,,
rzhengdeli.cn,,,
97ygo.com,,,
sywm04.top,,,
admob.com,,,
linkplay.com,,,
playfirst.com,,,
arsmarttv.com,,,
alarmnet.com,,,
christmas-solitaire.com,,,
interoute.net,,,
noris.net,,,
sigmacdn.net,,,
seagate.com,,,
cardgamefreecell.com,,,
61-tataidc.co.in,,,
ip-51-38-51.eu,,,
niqturbo.net.br,,,
reddirtproxies.io,,,
ethz.ch,,,
fastproxy.live,,,
hetzner.de,,,
pinterest.ca,,,
shaw.ca,,,
kabel-deutschland.de,,,
sonos.radio,,,
mucdn.net,,,
spotim.market,,,
streamrail.com,,,
rtb-seller.com,,,
zorosrv.com,,,
shopifysvc.com,,,
yotpo.com,,,
popularmechanics.com,,,
unoadsrv.com,,,
yellowblue.io,,,
cable.net.co,,,
megared.net.mx,,,
exede.net,,,
telnor.net,,,
sandcats.io,,,
machlink.com,,,
planeta.dn.ua,,,
tcheturbo.net.br,,,
darpanet.org,,,
monkeybrains.net,,,
sasknet.sk.ca,,,
xipline.com,,,
vivintwireless.net,,,
poka.com,,,
cbvnol.com,,,
conwaycorp.net,,,
comsouth.net,,,
plateautel.net,,,
bigbend.net,,,
iwantwireless.ca,,,
yucca.net,,,
nbcnews.com,,,
aetnd.com,,,
hopto.org,,,
btcentralplus.com,,,
virtua.com.br,,,
viettel.vn,,,
cstorm.is,,,
surfer.at,,,
sparkbb.co.nz,,,
myddns.rocks,,,
net1.bg,,,
dnlab.ru,,,
sailinternet.net,,,
atlanticbb.net,,,
embarqhsd.net,,,
cgocable.ca,,,
ftc-i.net,,,
intrstar.net,,,
logantele.com,,,
duo-county.com,,,
rockstargames.com,,,
premieronline.net,,,
tdc.net,,,
zhong-ren.net,,,
group-ib.ru,,,
threembb.co.uk,,,
dodo.net.au,,,
softether.net,,,
ligtel.com,,,
antik.sk,,,
torlock.com,,,
ipapi.co,,,
magic-heaven.info,,,
notifiarr.com,,,
opensubtitles.org,,,
jeded.com,,,
servarr.com,,,
hosted-by-rootlayer.net,,,
torrentgalaxy.to,,,
silhcdn.com,,,
yts.mx,,,
wgplayer.xyz,,,
okta.com,,,
librivox.org,,,
chello.pl,,,
bcube.co.uk,,,
darnet.pl,,,
veloxzone.com.br,,,
singnet.com.sg,,,
arkada-x.com,,,
coditel.net,,,
hawaiiantel.net,,,
townisp.com,,,
goip.de,,,
networx-bg.com,,,
vertesnet.hu,,,
openaq.org,,,
weatherbug.com,,,
apl-alexa.com,,,
mmechocaptiveportal.com,,,
asianet.co.th,,,
speedy.com.ar,,,
au-net.ne.jp,,,
vodafone.de,,,
pacificonet.cl,,,
nwsvr1.com,,,
myseedbox.site,,,
elisa-mobile.fi,,,
inetia.pl,,,
as9105.com,,,
mm.pl,,,
prod-infinitum.com.mx,,,
gvt.net.br,,,
fido.ca,,,
euskaltel.es,,,
freenet.com.ua,,,
elisa-laajakaista.fi,,,
espeed.com.bn,,,
orange.pl,,,
vf.net.nz,,,
uk.net,,,
skyware.pl,,,
vsenet.de,,,
harvard.edu,,,
myaisfibre.com,,,
windx.com.br,,,
randomads.us,,,
radioburgerfuel.com,,,
totalplay.net,,,
rt.ru,,,
dion.ne.jp,,,
ertelecom.ru,,,
ziggozakelijk.nl,,,
kosnet.ru,,,
vsi.ru,,,
numericable.fr,,,
seedbox.io,,,
linkpc.net,,,
broadband.hu,,,
byfly.by,,,
telkomadsl.co.za,,,
telecom.by,,,
bt-chat.com,,,
ip-91-121-171.eu,,,
uzpak.uz,,,
dne.kz,,,
mm3019.com,,,
epochtimes.com,,,
peelvalley.com.au,,,
stdtime.gov.tw,,,
loseyourip.com,,,
googlebot.com,,,
trafikverket.se,,,
vianaaws.jp,,,
t-com.ne.jp,,,
enabler.ne.jp,,,
cableonline.com.mx,,,
cablevision.net.mx,,,
mindspring.com,,,
totinternet.net,,,
skymesh.net.au,,,
foxtel.net.au,,,
sensicomfort.com,,,
lacrossetechnology.com,,,
canaryis.com,,,
dyndns.biz,,,
gwi.net,,,
chicdn.net,,,
evrythng.com,,,
aqara.com,,,
meari.com.cn,,,
btopenworld.com,,,
ipvanish.com,,,
vnpt.vn,,,
tellas.gr,,,
under.net.ua,,,
aruba.it,,,
transip.net,,,
wp-servers.com,,,
multi.net.pk,,,
had.su,,,
wiredns.net,,,
redstation.co.uk,,,
kostunivo.com,,,
constant.com,,,
rumafia.com,,,
gameservers.com,,,
softhost.com.br,,,
uninet-ide.com.mx,,,
showrss.info,,,
justinstalledpanel.com,,,
openportstats.com,,,
channelnet.ie,,,
hosted-by-vdsina.ru,,,
songspoint.info,,,
chaikovskie.ru,,,
uk-solution.kz,,,
midphase.com,,,
west-datacenter.net,,,
datahound.com,,,
2ksports.com,,,
sunbloommarketing.com,,,
northamericancoax.com,,,
wanidarum.com,,,
contabo.host,,,
rr-severses.no,,,
eonet.ne.jp,,,
starhub.net.sg,,,
inter.net.il,,,
da.net.tw,,,
play-internet.pl,,,
ucom.ne.jp,,,
casasio.co.uk,,,
snarc.au,,,
travano.at,,,
comunodius.com,,,
algarnetsuper.com.br,,,
genmediasys.com,,,
3bb.in.th,,,
tm.net.my,,,
myrepublic.com.sg,,,
maxcom.net.mx,,,
israelinternet.co.il,,,
osmc.tv,,,
ip-198-245-61.net,,,
mivocloud.com,,,
barracuda.com,,,
mns.ru,,,
node1.com.au,,,
secureconnect.me,,,
dlink.com.tw,,,
dlink.com,,,
transactcdn.com,,,
iproxy.cloud,,,
prcdn.net,,,
seedhost.eu,,,
sipgate.net,,,
dtvbb.tv,,,
chargepoint.com,,,
readynas.com,,,
m247.com,,,
online.nl,,,
safelink.net,,,
bestelclientes.com.mx,,,
westlink.net.br,,,
fetnet.net,,,
avangarddsl.ru,,,
unitymedia.biz,,,
xs4all.nl,,,
pldt.net,,,
sipa.be,,,
provedorlive.com.br,,,
mine.nu,,,
upcloud.host,,,
litecoinpool.org,,,
kit.edu,,,
hqserv.co.il,,,
lionlink.net,,,
bysh.me,,,
n4t.co,,,
bittorrent.com,,,
mogilev.by,,,
utorrent.com,,,
waimaoxiazai.com,,,
quantum.ru,,,
nzbfinder.ws,,,
pscp.tv,,,
zen.co.uk,,,
loggly.com,,,
sense.com,,,
internettl.org,,,
issuu.com,,,
nixplay.com,,,
awsdns-29.com,,,
awsdns-04.co.uk,,,
awsdns-54.org,,,
fibrestream.ca,,,
dynu.net,,,
kik.com,,,
wgrusers.com,,,
vpopfan.tk,,,
plutex.de,,,
lstn.net,,,
arcanite.ch,,,
redventures.io,,,
brightspotcdn.com,,,
symbiant.io,,,
wfu.edu,,,
jobcase.com,,,
mainframe2.com,,,
myfoscam.com,,,
p85.live,,,
tinkercad.com,,,
anker-in.com,,,
eufylife.com,,,
evergreen.space,,,
pushover.net,,,
cprapid.com,,,
channeladvisor.com,,,
rainmachine.com,,,
fedoraproject.org,,,
phuket.com,,,
multidoge.org,,,
abuse.ch,,,
nouvelobs.com,,,
ibroadlink.com,,,
broadlink.com.cn,,,
lswf.net,,,
tplinknbu.com,,,
adroll.com,,,
gandi.net,,,
telegraph.co.uk,,,
wemo2.com,,,
admarvel.com,,,
tfgco.com,,,
nanit.com,,,
hotbl.xyz,,,
zype.com,,,
naleapprength.xyz,,,
vbspbx.com,,,
ozarksgo.net,,,
easy4ipcloud.com,,,
alienvault.cloud,,,
baobei.co.uk,,,
orbwebsys.com,,,
hubble.in,,,
tum.de,,,
glesys.net,,,
airbnb.cn,,,
airbnb.pl,,,
air.tl,,,
yieldmo.com,,,
stanza.co,,,
yottaa.net,,,
samsungrs.com,,,
adtdp.com,,,
ultradns.net,,,
airtiescloud.com,,,
pythonhosted.org,,,
gitlab.com,,,
piwheels.org,,,
dsmynas.org,,,
swisscom.ch,,,
paulmharwood.info,,,
wiktel.com,,,
virtual1.co.uk,,,
mtproto.world,,,
inversepath.com,,,
ip-37-187-0.eu,,,
mdl.net,,,
arduino.cc,,,
microvolts.com,,,
ifit.com,,,
tumblr.com,,,
exprsdns.net,,,
mcusercontent.com,,,
elnics.com,,,
trendmd.com,,,
px-cloud.net,,,
izeni.net,,,
solaredge.com,,,
locuslabs.com,,,
fmtcs.com,,,
msocsp.com,,,
tula.net,,,
slt.lk,,,
getinternet.no,,,
swio.jp,,,
beanfield.net,,,
openstreetmap.org,,,
via.net,,,
amcrestddns.com,,,
nochost.ru,,,
reolink.com,,,
mywire.org,,,
instantink.com,,,
kddi.ne.jp,,,
cablelynx.com,,,
pinterest.de,,,
ispworkshop.com,,,
dyson.com,,,
trackedweb.net,,,
naz.com,,,
unifi-ai.com,,,
launchpad.net,,,
wpengine.com,,,
birdytone.com.cn,,,
bttn.io,,,
mfeed.ad.jp,,,
wci.com,,,
moovitapp.com,,,
maintainbrain.us,,,
glassboxdigital.io,,,
telpol.net.pl,,,
raketa-net.ru,,,
telephoneangel.com,,,
apolloprogram.io,,,
vigothaiclub.info,,,
filenext.com,,,
6play.fr,,,
mtprotoline.top,,,
epson.biz,,,
uu.net,,,
etacdn.net,,,
ptb.de,,,
netbynet.ru,,,
pulsedmedia.com,,,
bashtel.ru,,,
megaegg.ne.jp,,,
spedition-michel.de,,,
turbooo.xyz,,,
powerlinks.com,,,
linodeusercontent.com,,,
electricimp.com,,,
satnet.net,,,
snowdawn.info,,,
usbx.me,,,
prioritytelecom.net,,,
ip-91-134-139.eu,,,
ip-91-121-155.eu,,,
foxtel.com.au,,,
nfoservers.com,,,
oktv.se,,,
sprintel.cz,,,
percept.ai,,,
bash.pw,,,
dnsup.net,,,
minasnet.net,,,
lasvegas.net,,,
cdn-net.com,,,
zare.com,,,
ukservers.com,,,
hostdime.com,,,
gorillaservers.com,,,
cachenode.cn,,,
freeboxos.fr,,,
apol.com.tw,,,
vivozap.com.br,,,
fox.com.br,,,
com.de,,,
socialmediawins.com,,,
eolo.it,,,
tecnoadsl.it,,,
cheapnet.it,,,
connesi.it,,,
netoip.com,,,
arcolink.it,,,
fastnet.it,,,
superonline.net,,,
hkcable.com.hk,,,
estointernet.in,,,
infuturo.it,,,
213.in-addr.arpa,,,
driftcdn.com,,,
gibdev.ru,,,
expressnetw.com,,,
net-htp.de,,,
promax.media.pl,,,
planeta-net-fibra.com.br,,,
movistar.cl,,,
siqueiralink.com.br,,,
netwaytelecom.com.br,,,
scaleway.com,,,
1drv.com,,,
dbsinet.com,,,
bt.com,,,
umd.edu,,,
mirrorservice.org,,,
comnet.uz,,,
fau.de,,,
flightplandatabase.com,,,
awsdns-06.com,,,
awsdns-10.net,,,
gtdinternet.com,,,
connect.net.au,,,
kort.co,,,
speakeasy.net,,,
root-servers.org,,,
entale.co,,,
impdesk.com,,,
yieldlab.net,,,
ligadx.com,,,
ligatus.com,,,
trib.al,,,
onservo.com,,,
vidora.com,,,
htlbid.com,,,
doctissimo.fr,,,
bintray.com,,,
eedomus.com,,,
gigaset.net,,,
estpak.ee,,,
starman.ee,,,
libtorrent.org,,,
unitymediagroup.de,,,
ovh.net,,,
versanet.de,,,
kali.ru,,,
googledomains.com,,,
dedibox.fr,,,
ntlworld.ie,,,
a3fiber.se,,,
webtrendslive.com,,,
c212.net,,,
sellpoint.net,,,
telepacific.net,,,
tiscali.it,,,
masmovil.com,,,
quickddns.com,,,
mojang.com,,,
mail.com,,,
soho.net.ua,,,
northwestel.net,,,
thexem.de,,,
zoneminder.com,,,
galacticmouse.press,,,
slickvpn.com,,,
xboxservices.com,,,
giphy.com,,,
adtech.de,,,
microsoftonline-p.com,,,
msocdn.com,,,
msftauth.net,,,
zscaler.com,,,
playon.tv,,,
valve.net,,,
ovpn.com,,,
clouddevice.io,,,
provide.net,,,
ixsystems.com,,,
webcollage.net,,,
buienradar.nl,,,
musixmatch.com,,,
swipeforwardgames.com,,,
syringanetworks.net,,,
unlv.edu,,,
fr24.com,,,
armbian.com,,,
thinkstockphotos.com,,,
domoticz.com,,,
myopenhab.org,,,
thingspeak.com,,,
homeseer.com,,,
flightradar24.com,,,
webmin.com,,,
rayjump.com,,,
myq-cloud.com,,,
nextcloud.com,,,
ip-37-187-109.eu,,,
inria.fr,,,
linksyssmartwifi.com,,,
fibaro.com,,,
infonet.ee,,,
ovh.ca,,,
mystrom.ch,,,
petcube.com,,,
pacloudflare.com,,,
brightcloud.com,,,
dns-cloud.net,,,
colorado.edu,,,
shatel.ir,,,
simobil.net,,,
f3322.net,,,
mynuheat.com,,,
sytes.net,,,
ipify.org,,,
ddnss.de,,,
sensemecloud.com,,,
servehttp.com,,,
simharif.com,,,
atom-data.io,,,
akasripcn.net,,,
marriott.com,,,
fbwat.ch,,,
amazon.com.au,,,
verizonwireless.com,,,
vzwshop.com,,,
savagebeast.com,,,
telia.net,,,
thebrighttag.com,,,
disa.mil,,,
igodigital.com,,,
192.in-addr.arpa,,,
hiper.dk,,,
adobeprojectm.com,,,
nayatel.pk,,,
axntechnologies.in,,,
awsdns-03.co.uk,,,
voncp.com,,,
neohub.co.uk,,,
telecom.kz,,,
weathercloud.net,,,
dynamic-m.com,,,
80.in-addr.arpa,,,
btncdn.com,,,
uh.edu,,,
alaska.edu,,,
bain.com,,,
okstate.edu,,,
vmwservices.com,,,
telenor.com,,,
adobejanus.com,,,
gartner.com,,,
signal.is,,,
cnt-grms.ec,,,
telecom.sk,,,
falcon1.net,,,
orbitbhyve.com,,,
project25499.com,,,
posttv.com,,,
inaf.it,,,
comfortel.pro,,,
fvds.ru,,,
se-ssl-cloud.com,,,
ccma.cat,,,
diyadvice.com,,,
athena.io,,,
fu-berlin.de,,,
access.ly,,,
orange-business.com,,,
chefsteps.com,,,
abissnet.al,,,
zedfilter.xyz,,,
rundsp.com,,,
vylmedia.com,,,
vieraconnect.tv,,,
g4c5j.com,,,
cloud-ips.com,,,
rediris.es,,,
gen4.ninja,,,
appsmb.com,,,
ibmcloud.com,,,
snaptube.in,,,
withings.com,,,
bloomsky.com,,,
anovaculinary.com,,,
iot-dns.com,,,
mineproxy.ga,,,
tendplatform.com,,,
geappliances.com,,,
seluxit.com,,,
your-loop.com,,,
zodiac.com,,,
foobot.io,,,
vzwfemto.com,,,
bosch.de,,,
